time,zone,lat,lon,demand_size_kg
2025-08-28 00:41:00,Yeshwanthpur,13.0186,77.556,149
2025-08-28 00:18:00,Yeshwanthpur,13.0186,77.556,90
2025-08-28 00:35:00,Yeshwanthpur,13.0186,77.556,146
2025-08-28 00:36:00,Yeshwanthpur,13.0186,77.556,79
2025-08-28 00:48:00,Yeshwanthpur,13.0186,77.556,125
2025-08-28 00:09:00,Yeshwanthpur,13.0186,77.556,57
2025-08-28 00:20:00,Whitefield,12.9698,77.7499,155
2025-08-28 00:25:00,Whitefield,12.9698,77.7499,78
2025-08-28 00:48:00,Whitefield,12.9698,77.7499,110
2025-08-28 00:50:00,Whitefield,12.9698,77.7499,78
2025-08-28 00:31:00,Whitefield,12.9698,77.7499,154
2025-08-28 00:03:00,Whitefield,12.9698,77.7499,99
2025-08-28 00:38:00,Whitefield,12.9698,77.7499,154
2025-08-28 00:25:00,Whitefield,12.9698,77.7499,152
2025-08-28 00:15:00,Whitefield,12.9698,77.7499,153
2025-08-28 00:09:00,Whitefield,12.9698,77.7499,159
2025-08-28 00:03:00,Whitefield,12.9698,77.7499,116
2025-08-28 00:27:00,Whitefield,12.9698,77.7499,84
2025-08-28 00:13:00,Whitefield,12.9698,77.7499,82
2025-08-28 00:24:00,Whitefield,12.9698,77.7499,199
2025-08-28 00:17:00,Whitefield,12.9698,77.7499,153
2025-08-28 00:13:00,Koramangala,12.9352,77.6245,153
2025-08-28 00:26:00,Koramangala,12.9352,77.6245,81
2025-08-28 00:35:00,Koramangala,12.9352,77.6245,66
2025-08-28 00:18:00,Koramangala,12.9352,77.6245,184
2025-08-28 00:31:00,Koramangala,12.9352,77.6245,90
2025-08-28 00:25:00,Koramangala,12.9352,77.6245,197
2025-08-28 00:33:00,Koramangala,12.9352,77.6245,180
2025-08-28 00:13:00,Koramangala,12.9352,77.6245,164
2025-08-28 00:01:00,Koramangala,12.9352,77.6245,56
2025-08-28 00:41:00,Koramangala,12.9352,77.6245,165
2025-08-28 00:02:00,Koramangala,12.9352,77.6245,136
2025-08-28 00:41:00,Koramangala,12.9352,77.6245,112
2025-08-28 00:32:00,Koramangala,12.9352,77.6245,77
2025-08-28 00:49:00,Koramangala,12.9352,77.6245,173
2025-08-28 00:17:00,Koramangala,12.9352,77.6245,174
2025-08-28 00:17:00,Koramangala,12.9352,77.6245,165
2025-08-28 00:13:00,Marathahalli,12.9569,77.7011,169
2025-08-28 00:52:00,Marathahalli,12.9569,77.7011,166
2025-08-28 00:43:00,Marathahalli,12.9569,77.7011,85
2025-08-28 00:24:00,Marathahalli,12.9569,77.7011,165
2025-08-28 00:40:00,Indiranagar,12.9784,77.6408,99
2025-08-28 00:57:00,Indiranagar,12.9784,77.6408,120
2025-08-28 00:37:00,Indiranagar,12.9784,77.6408,71
2025-08-28 00:20:00,Indiranagar,12.9784,77.6408,137
2025-08-28 00:33:00,Indiranagar,12.9784,77.6408,65
2025-08-28 00:35:00,Indiranagar,12.9784,77.6408,88
2025-08-28 00:35:00,Indiranagar,12.9784,77.6408,114
2025-08-28 00:08:00,Indiranagar,12.9784,77.6408,75
2025-08-28 00:01:00,Indiranagar,12.9784,77.6408,108
2025-08-28 00:52:00,Electronic City,12.8452,77.6602,106
2025-08-28 00:39:00,Electronic City,12.8452,77.6602,65
2025-08-28 00:25:00,Electronic City,12.8452,77.6602,63
2025-08-28 00:26:00,Electronic City,12.8452,77.6602,119
2025-08-28 00:19:00,Electronic City,12.8452,77.6602,57
2025-08-28 00:51:00,Electronic City,12.8452,77.6602,70
2025-08-28 00:04:00,Electronic City,12.8452,77.6602,78
2025-08-28 00:03:00,Electronic City,12.8452,77.6602,73
2025-08-28 01:09:00,Yeshwanthpur,13.0186,77.556,139
2025-08-28 01:15:00,Yeshwanthpur,13.0186,77.556,101
2025-08-28 01:09:00,Whitefield,12.9698,77.7499,81
2025-08-28 01:40:00,Whitefield,12.9698,77.7499,129
2025-08-28 01:51:00,Whitefield,12.9698,77.7499,187
2025-08-28 01:03:00,Whitefield,12.9698,77.7499,131
2025-08-28 01:09:00,Whitefield,12.9698,77.7499,106
2025-08-28 01:24:00,Whitefield,12.9698,77.7499,64
2025-08-28 01:52:00,Whitefield,12.9698,77.7499,92
2025-08-28 01:12:00,Whitefield,12.9698,77.7499,196
2025-08-28 01:30:00,Whitefield,12.9698,77.7499,148
2025-08-28 01:59:00,Whitefield,12.9698,77.7499,101
2025-08-28 01:07:00,Whitefield,12.9698,77.7499,136
2025-08-28 01:23:00,Whitefield,12.9698,77.7499,195
2025-08-28 01:31:00,Whitefield,12.9698,77.7499,173
2025-08-28 01:17:00,Whitefield,12.9698,77.7499,173
2025-08-28 01:43:00,Koramangala,12.9352,77.6245,126
2025-08-28 01:21:00,Koramangala,12.9352,77.6245,72
2025-08-28 01:58:00,Koramangala,12.9352,77.6245,179
2025-08-28 01:13:00,Koramangala,12.9352,77.6245,171
2025-08-28 01:54:00,Koramangala,12.9352,77.6245,177
2025-08-28 01:55:00,Koramangala,12.9352,77.6245,116
2025-08-28 01:24:00,Koramangala,12.9352,77.6245,51
2025-08-28 01:06:00,Koramangala,12.9352,77.6245,174
2025-08-28 01:35:00,Koramangala,12.9352,77.6245,167
2025-08-28 01:06:00,Koramangala,12.9352,77.6245,90
2025-08-28 01:44:00,Koramangala,12.9352,77.6245,132
2025-08-28 01:12:00,Koramangala,12.9352,77.6245,130
2025-08-28 01:30:00,Koramangala,12.9352,77.6245,128
2025-08-28 01:27:00,Koramangala,12.9352,77.6245,196
2025-08-28 01:40:00,Koramangala,12.9352,77.6245,143
2025-08-28 01:50:00,Koramangala,12.9352,77.6245,106
2025-08-28 01:46:00,Koramangala,12.9352,77.6245,58
2025-08-28 01:25:00,Koramangala,12.9352,77.6245,194
2025-08-28 01:05:00,Koramangala,12.9352,77.6245,105
2025-08-28 01:27:00,Marathahalli,12.9569,77.7011,50
2025-08-28 01:56:00,Marathahalli,12.9569,77.7011,181
2025-08-28 01:45:00,Marathahalli,12.9569,77.7011,175
2025-08-28 01:28:00,Marathahalli,12.9569,77.7011,91
2025-08-28 01:04:00,Marathahalli,12.9569,77.7011,98
2025-08-28 01:06:00,Marathahalli,12.9569,77.7011,176
2025-08-28 01:46:00,Marathahalli,12.9569,77.7011,103
2025-08-28 01:52:00,Marathahalli,12.9569,77.7011,186
2025-08-28 01:01:00,Marathahalli,12.9569,77.7011,147
2025-08-28 01:17:00,Indiranagar,12.9784,77.6408,94
2025-08-28 01:12:00,Indiranagar,12.9784,77.6408,105
2025-08-28 01:21:00,Indiranagar,12.9784,77.6408,123
2025-08-28 01:22:00,Indiranagar,12.9784,77.6408,106
2025-08-28 01:25:00,Indiranagar,12.9784,77.6408,51
2025-08-28 01:23:00,Indiranagar,12.9784,77.6408,57
2025-08-28 01:35:00,Indiranagar,12.9784,77.6408,70
2025-08-28 01:03:00,Indiranagar,12.9784,77.6408,54
2025-08-28 01:20:00,Electronic City,12.8452,77.6602,66
2025-08-28 01:29:00,Electronic City,12.8452,77.6602,62
2025-08-28 01:56:00,Electronic City,12.8452,77.6602,117
2025-08-28 01:52:00,Electronic City,12.8452,77.6602,73
2025-08-28 01:38:00,Electronic City,12.8452,77.6602,82
2025-08-28 01:52:00,Electronic City,12.8452,77.6602,119
2025-08-28 01:05:00,Electronic City,12.8452,77.6602,91
2025-08-28 01:36:00,Electronic City,12.8452,77.6602,98
2025-08-28 01:19:00,Electronic City,12.8452,77.6602,62
2025-08-28 01:49:00,Electronic City,12.8452,77.6602,53
2025-08-28 02:44:00,Yeshwanthpur,13.0186,77.556,160
2025-08-28 02:47:00,Yeshwanthpur,13.0186,77.556,156
2025-08-28 02:59:00,Yeshwanthpur,13.0186,77.556,61
2025-08-28 02:42:00,Yeshwanthpur,13.0186,77.556,122
2025-08-28 02:19:00,Yeshwanthpur,13.0186,77.556,62
2025-08-28 02:57:00,Whitefield,12.9698,77.7499,195
2025-08-28 02:17:00,Whitefield,12.9698,77.7499,100
2025-08-28 02:47:00,Whitefield,12.9698,77.7499,144
2025-08-28 02:53:00,Whitefield,12.9698,77.7499,62
2025-08-28 02:55:00,Whitefield,12.9698,77.7499,199
2025-08-28 02:31:00,Whitefield,12.9698,77.7499,79
2025-08-28 02:31:00,Whitefield,12.9698,77.7499,175
2025-08-28 02:35:00,Whitefield,12.9698,77.7499,71
2025-08-28 02:55:00,Whitefield,12.9698,77.7499,87
2025-08-28 02:10:00,Whitefield,12.9698,77.7499,82
2025-08-28 02:12:00,Whitefield,12.9698,77.7499,112
2025-08-28 02:58:00,Whitefield,12.9698,77.7499,163
2025-08-28 02:56:00,Whitefield,12.9698,77.7499,155
2025-08-28 02:22:00,Whitefield,12.9698,77.7499,97
2025-08-28 02:10:00,Koramangala,12.9352,77.6245,96
2025-08-28 02:47:00,Koramangala,12.9352,77.6245,175
2025-08-28 02:08:00,Koramangala,12.9352,77.6245,185
2025-08-28 02:13:00,Koramangala,12.9352,77.6245,140
2025-08-28 02:34:00,Koramangala,12.9352,77.6245,132
2025-08-28 02:01:00,Koramangala,12.9352,77.6245,160
2025-08-28 02:37:00,Koramangala,12.9352,77.6245,140
2025-08-28 02:23:00,Koramangala,12.9352,77.6245,141
2025-08-28 02:56:00,Koramangala,12.9352,77.6245,184
2025-08-28 02:34:00,Koramangala,12.9352,77.6245,134
2025-08-28 02:03:00,Koramangala,12.9352,77.6245,105
2025-08-28 02:23:00,Koramangala,12.9352,77.6245,172
2025-08-28 02:47:00,Koramangala,12.9352,77.6245,75
2025-08-28 02:31:00,Koramangala,12.9352,77.6245,131
2025-08-28 02:00:00,Koramangala,12.9352,77.6245,129
2025-08-28 02:15:00,Koramangala,12.9352,77.6245,173
2025-08-28 02:33:00,Koramangala,12.9352,77.6245,165
2025-08-28 02:58:00,Koramangala,12.9352,77.6245,160
2025-08-28 02:54:00,Koramangala,12.9352,77.6245,125
2025-08-28 02:07:00,Koramangala,12.9352,77.6245,51
2025-08-28 02:02:00,Koramangala,12.9352,77.6245,183
2025-08-28 02:57:00,Koramangala,12.9352,77.6245,64
2025-08-28 02:35:00,Koramangala,12.9352,77.6245,105
2025-08-28 02:30:00,Koramangala,12.9352,77.6245,119
2025-08-28 02:56:00,Marathahalli,12.9569,77.7011,78
2025-08-28 02:20:00,Marathahalli,12.9569,77.7011,53
2025-08-28 02:49:00,Marathahalli,12.9569,77.7011,58
2025-08-28 02:20:00,Marathahalli,12.9569,77.7011,57
2025-08-28 02:01:00,Marathahalli,12.9569,77.7011,144
2025-08-28 02:39:00,Marathahalli,12.9569,77.7011,101
2025-08-28 02:42:00,Marathahalli,12.9569,77.7011,150
2025-08-28 02:44:00,Marathahalli,12.9569,77.7011,179
2025-08-28 02:15:00,Marathahalli,12.9569,77.7011,109
2025-08-28 02:07:00,Marathahalli,12.9569,77.7011,180
2025-08-28 02:23:00,Marathahalli,12.9569,77.7011,197
2025-08-28 02:27:00,Indiranagar,12.9784,77.6408,52
2025-08-28 02:18:00,Indiranagar,12.9784,77.6408,107
2025-08-28 02:32:00,Indiranagar,12.9784,77.6408,53
2025-08-28 02:06:00,Indiranagar,12.9784,77.6408,104
2025-08-28 02:21:00,Indiranagar,12.9784,77.6408,83
2025-08-28 02:18:00,Indiranagar,12.9784,77.6408,73
2025-08-28 02:01:00,Indiranagar,12.9784,77.6408,129
2025-08-28 02:35:00,Indiranagar,12.9784,77.6408,90
2025-08-28 02:24:00,Indiranagar,12.9784,77.6408,100
2025-08-28 02:30:00,Indiranagar,12.9784,77.6408,104
2025-08-28 02:14:00,Indiranagar,12.9784,77.6408,115
2025-08-28 02:56:00,Electronic City,12.8452,77.6602,91
2025-08-28 02:10:00,Electronic City,12.8452,77.6602,118
2025-08-28 02:36:00,Electronic City,12.8452,77.6602,55
2025-08-28 02:58:00,Electronic City,12.8452,77.6602,120
2025-08-28 02:52:00,Electronic City,12.8452,77.6602,70
2025-08-28 02:30:00,Electronic City,12.8452,77.6602,97
2025-08-28 02:39:00,Electronic City,12.8452,77.6602,77
2025-08-28 02:37:00,Electronic City,12.8452,77.6602,116
2025-08-28 03:18:00,Yeshwanthpur,13.0186,77.556,109
2025-08-28 03:39:00,Yeshwanthpur,13.0186,77.556,160
2025-08-28 03:08:00,Yeshwanthpur,13.0186,77.556,149
2025-08-28 03:28:00,Yeshwanthpur,13.0186,77.556,109
2025-08-28 03:10:00,Whitefield,12.9698,77.7499,90
2025-08-28 03:02:00,Whitefield,12.9698,77.7499,149
2025-08-28 03:54:00,Whitefield,12.9698,77.7499,133
2025-08-28 03:35:00,Whitefield,12.9698,77.7499,74
2025-08-28 03:25:00,Whitefield,12.9698,77.7499,162
2025-08-28 03:54:00,Whitefield,12.9698,77.7499,53
2025-08-28 03:01:00,Whitefield,12.9698,77.7499,123
2025-08-28 03:27:00,Whitefield,12.9698,77.7499,132
2025-08-28 03:18:00,Whitefield,12.9698,77.7499,134
2025-08-28 03:04:00,Whitefield,12.9698,77.7499,188
2025-08-28 03:22:00,Whitefield,12.9698,77.7499,110
2025-08-28 03:22:00,Whitefield,12.9698,77.7499,88
2025-08-28 03:47:00,Koramangala,12.9352,77.6245,113
2025-08-28 03:08:00,Koramangala,12.9352,77.6245,177
2025-08-28 03:30:00,Koramangala,12.9352,77.6245,81
2025-08-28 03:44:00,Koramangala,12.9352,77.6245,125
2025-08-28 03:48:00,Koramangala,12.9352,77.6245,124
2025-08-28 03:52:00,Koramangala,12.9352,77.6245,116
2025-08-28 03:43:00,Koramangala,12.9352,77.6245,97
2025-08-28 03:25:00,Koramangala,12.9352,77.6245,130
2025-08-28 03:55:00,Koramangala,12.9352,77.6245,166
2025-08-28 03:43:00,Koramangala,12.9352,77.6245,69
2025-08-28 03:06:00,Koramangala,12.9352,77.6245,200
2025-08-28 03:08:00,Koramangala,12.9352,77.6245,115
2025-08-28 03:27:00,Koramangala,12.9352,77.6245,169
2025-08-28 03:19:00,Koramangala,12.9352,77.6245,53
2025-08-28 03:51:00,Koramangala,12.9352,77.6245,129
2025-08-28 03:16:00,Koramangala,12.9352,77.6245,186
2025-08-28 03:57:00,Koramangala,12.9352,77.6245,76
2025-08-28 03:30:00,Marathahalli,12.9569,77.7011,81
2025-08-28 03:33:00,Marathahalli,12.9569,77.7011,162
2025-08-28 03:37:00,Marathahalli,12.9569,77.7011,138
2025-08-28 03:47:00,Marathahalli,12.9569,77.7011,76
2025-08-28 03:43:00,Marathahalli,12.9569,77.7011,172
2025-08-28 03:14:00,Marathahalli,12.9569,77.7011,147
2025-08-28 03:35:00,Marathahalli,12.9569,77.7011,103
2025-08-28 03:51:00,Marathahalli,12.9569,77.7011,140
2025-08-28 03:41:00,Marathahalli,12.9569,77.7011,149
2025-08-28 03:56:00,Marathahalli,12.9569,77.7011,100
2025-08-28 03:35:00,Indiranagar,12.9784,77.6408,58
2025-08-28 03:35:00,Indiranagar,12.9784,77.6408,81
2025-08-28 03:26:00,Indiranagar,12.9784,77.6408,77
2025-08-28 03:42:00,Indiranagar,12.9784,77.6408,115
2025-08-28 03:13:00,Indiranagar,12.9784,77.6408,101
2025-08-28 03:32:00,Electronic City,12.8452,77.6602,51
2025-08-28 03:08:00,Electronic City,12.8452,77.6602,85
2025-08-28 03:38:00,Electronic City,12.8452,77.6602,94
2025-08-28 03:38:00,Electronic City,12.8452,77.6602,65
2025-08-28 03:00:00,Electronic City,12.8452,77.6602,50
2025-08-28 03:11:00,Electronic City,12.8452,77.6602,83
2025-08-28 03:32:00,Electronic City,12.8452,77.6602,70
2025-08-28 03:08:00,Electronic City,12.8452,77.6602,75
2025-08-28 03:20:00,Electronic City,12.8452,77.6602,120
2025-08-28 04:15:00,Yeshwanthpur,13.0186,77.556,120
2025-08-28 04:58:00,Yeshwanthpur,13.0186,77.556,147
2025-08-28 04:17:00,Yeshwanthpur,13.0186,77.556,132
2025-08-28 04:22:00,Yeshwanthpur,13.0186,77.556,89
2025-08-28 04:22:00,Yeshwanthpur,13.0186,77.556,159
2025-08-28 04:12:00,Yeshwanthpur,13.0186,77.556,128
2025-08-28 04:51:00,Yeshwanthpur,13.0186,77.556,135
2025-08-28 04:03:00,Yeshwanthpur,13.0186,77.556,151
2025-08-28 04:38:00,Yeshwanthpur,13.0186,77.556,65
2025-08-28 04:09:00,Yeshwanthpur,13.0186,77.556,121
2025-08-28 04:23:00,Yeshwanthpur,13.0186,77.556,80
2025-08-28 04:42:00,Yeshwanthpur,13.0186,77.556,131
2025-08-28 04:13:00,Whitefield,12.9698,77.7499,117
2025-08-28 04:35:00,Whitefield,12.9698,77.7499,145
2025-08-28 04:00:00,Whitefield,12.9698,77.7499,142
2025-08-28 04:40:00,Whitefield,12.9698,77.7499,174
2025-08-28 04:47:00,Whitefield,12.9698,77.7499,193
2025-08-28 04:49:00,Whitefield,12.9698,77.7499,124
2025-08-28 04:15:00,Whitefield,12.9698,77.7499,119
2025-08-28 04:44:00,Whitefield,12.9698,77.7499,93
2025-08-28 04:26:00,Whitefield,12.9698,77.7499,198
2025-08-28 04:57:00,Whitefield,12.9698,77.7499,117
2025-08-28 04:08:00,Whitefield,12.9698,77.7499,87
2025-08-28 04:42:00,Whitefield,12.9698,77.7499,186
2025-08-28 04:01:00,Whitefield,12.9698,77.7499,179
2025-08-28 04:49:00,Whitefield,12.9698,77.7499,164
2025-08-28 04:43:00,Koramangala,12.9352,77.6245,191
2025-08-28 04:33:00,Koramangala,12.9352,77.6245,119
2025-08-28 04:13:00,Koramangala,12.9352,77.6245,146
2025-08-28 04:34:00,Koramangala,12.9352,77.6245,167
2025-08-28 04:35:00,Koramangala,12.9352,77.6245,157
2025-08-28 04:04:00,Koramangala,12.9352,77.6245,166
2025-08-28 04:54:00,Koramangala,12.9352,77.6245,128
2025-08-28 04:27:00,Koramangala,12.9352,77.6245,111
2025-08-28 04:11:00,Koramangala,12.9352,77.6245,134
2025-08-28 04:57:00,Marathahalli,12.9569,77.7011,112
2025-08-28 04:50:00,Marathahalli,12.9569,77.7011,197
2025-08-28 04:37:00,Marathahalli,12.9569,77.7011,164
2025-08-28 04:19:00,Marathahalli,12.9569,77.7011,70
2025-08-28 04:10:00,Marathahalli,12.9569,77.7011,66
2025-08-28 04:41:00,Marathahalli,12.9569,77.7011,110
2025-08-28 04:44:00,Marathahalli,12.9569,77.7011,178
2025-08-28 04:39:00,Marathahalli,12.9569,77.7011,63
2025-08-28 04:19:00,Marathahalli,12.9569,77.7011,143
2025-08-28 04:37:00,Marathahalli,12.9569,77.7011,52
2025-08-28 04:10:00,Indiranagar,12.9784,77.6408,106
2025-08-28 04:49:00,Indiranagar,12.9784,77.6408,81
2025-08-28 04:51:00,Indiranagar,12.9784,77.6408,83
2025-08-28 04:05:00,Electronic City,12.8452,77.6602,83
2025-08-28 04:38:00,Electronic City,12.8452,77.6602,54
2025-08-28 04:48:00,Electronic City,12.8452,77.6602,109
2025-08-28 04:55:00,Electronic City,12.8452,77.6602,72
2025-08-28 04:38:00,Electronic City,12.8452,77.6602,113
2025-08-28 04:29:00,Electronic City,12.8452,77.6602,85
2025-08-28 05:02:00,Yeshwanthpur,13.0186,77.556,82
2025-08-28 05:56:00,Yeshwanthpur,13.0186,77.556,97
2025-08-28 05:22:00,Yeshwanthpur,13.0186,77.556,87
2025-08-28 05:31:00,Yeshwanthpur,13.0186,77.556,50
2025-08-28 05:44:00,Yeshwanthpur,13.0186,77.556,146
2025-08-28 05:39:00,Yeshwanthpur,13.0186,77.556,101
2025-08-28 05:52:00,Yeshwanthpur,13.0186,77.556,83
2025-08-28 05:40:00,Yeshwanthpur,13.0186,77.556,98
2025-08-28 05:21:00,Yeshwanthpur,13.0186,77.556,92
2025-08-28 05:53:00,Yeshwanthpur,13.0186,77.556,50
2025-08-28 05:46:00,Yeshwanthpur,13.0186,77.556,101
2025-08-28 05:48:00,Whitefield,12.9698,77.7499,197
2025-08-28 05:50:00,Whitefield,12.9698,77.7499,130
2025-08-28 05:54:00,Whitefield,12.9698,77.7499,92
2025-08-28 05:23:00,Whitefield,12.9698,77.7499,137
2025-08-28 05:01:00,Whitefield,12.9698,77.7499,113
2025-08-28 05:47:00,Whitefield,12.9698,77.7499,145
2025-08-28 05:27:00,Whitefield,12.9698,77.7499,117
2025-08-28 05:48:00,Whitefield,12.9698,77.7499,179
2025-08-28 05:19:00,Whitefield,12.9698,77.7499,120
2025-08-28 05:24:00,Whitefield,12.9698,77.7499,78
2025-08-28 05:06:00,Whitefield,12.9698,77.7499,199
2025-08-28 05:30:00,Koramangala,12.9352,77.6245,64
2025-08-28 05:00:00,Koramangala,12.9352,77.6245,130
2025-08-28 05:03:00,Koramangala,12.9352,77.6245,97
2025-08-28 05:22:00,Koramangala,12.9352,77.6245,78
2025-08-28 05:56:00,Koramangala,12.9352,77.6245,147
2025-08-28 05:51:00,Koramangala,12.9352,77.6245,55
2025-08-28 05:48:00,Koramangala,12.9352,77.6245,125
2025-08-28 05:10:00,Koramangala,12.9352,77.6245,70
2025-08-28 05:42:00,Koramangala,12.9352,77.6245,147
2025-08-28 05:10:00,Koramangala,12.9352,77.6245,141
2025-08-28 05:42:00,Koramangala,12.9352,77.6245,181
2025-08-28 05:16:00,Koramangala,12.9352,77.6245,91
2025-08-28 05:27:00,Koramangala,12.9352,77.6245,137
2025-08-28 05:18:00,Koramangala,12.9352,77.6245,57
2025-08-28 05:39:00,Koramangala,12.9352,77.6245,72
2025-08-28 05:37:00,Marathahalli,12.9569,77.7011,140
2025-08-28 05:23:00,Marathahalli,12.9569,77.7011,145
2025-08-28 05:42:00,Marathahalli,12.9569,77.7011,71
2025-08-28 05:18:00,Marathahalli,12.9569,77.7011,156
2025-08-28 05:43:00,Marathahalli,12.9569,77.7011,178
2025-08-28 05:08:00,Marathahalli,12.9569,77.7011,63
2025-08-28 05:19:00,Marathahalli,12.9569,77.7011,165
2025-08-28 05:42:00,Marathahalli,12.9569,77.7011,151
2025-08-28 05:01:00,Marathahalli,12.9569,77.7011,197
2025-08-28 05:50:00,Marathahalli,12.9569,77.7011,166
2025-08-28 05:14:00,Marathahalli,12.9569,77.7011,106
2025-08-28 05:05:00,Marathahalli,12.9569,77.7011,101
2025-08-28 05:53:00,Marathahalli,12.9569,77.7011,155
2025-08-28 05:54:00,Marathahalli,12.9569,77.7011,189
2025-08-28 05:38:00,Marathahalli,12.9569,77.7011,62
2025-08-28 05:28:00,Marathahalli,12.9569,77.7011,102
2025-08-28 05:11:00,Indiranagar,12.9784,77.6408,111
2025-08-28 05:59:00,Indiranagar,12.9784,77.6408,99
2025-08-28 05:46:00,Indiranagar,12.9784,77.6408,72
2025-08-28 05:18:00,Indiranagar,12.9784,77.6408,97
2025-08-28 05:45:00,Indiranagar,12.9784,77.6408,52
2025-08-28 05:35:00,Indiranagar,12.9784,77.6408,103
2025-08-28 05:27:00,Indiranagar,12.9784,77.6408,88
2025-08-28 05:11:00,Electronic City,12.8452,77.6602,85
2025-08-28 05:05:00,Electronic City,12.8452,77.6602,88
2025-08-28 05:32:00,Electronic City,12.8452,77.6602,118
2025-08-28 05:16:00,Electronic City,12.8452,77.6602,82
2025-08-28 05:01:00,Electronic City,12.8452,77.6602,53
2025-08-28 06:07:00,Yeshwanthpur,13.0186,77.556,104
2025-08-28 06:14:00,Yeshwanthpur,13.0186,77.556,108
2025-08-28 06:53:00,Yeshwanthpur,13.0186,77.556,112
2025-08-28 06:50:00,Yeshwanthpur,13.0186,77.556,85
2025-08-28 06:00:00,Yeshwanthpur,13.0186,77.556,58
2025-08-28 06:09:00,Whitefield,12.9698,77.7499,107
2025-08-28 06:52:00,Whitefield,12.9698,77.7499,123
2025-08-28 06:10:00,Whitefield,12.9698,77.7499,51
2025-08-28 06:12:00,Whitefield,12.9698,77.7499,176
2025-08-28 06:00:00,Whitefield,12.9698,77.7499,57
2025-08-28 06:08:00,Whitefield,12.9698,77.7499,67
2025-08-28 06:53:00,Whitefield,12.9698,77.7499,69
2025-08-28 06:19:00,Whitefield,12.9698,77.7499,148
2025-08-28 06:34:00,Whitefield,12.9698,77.7499,140
2025-08-28 06:41:00,Whitefield,12.9698,77.7499,76
2025-08-28 06:03:00,Whitefield,12.9698,77.7499,135
2025-08-28 06:24:00,Whitefield,12.9698,77.7499,72
2025-08-28 06:52:00,Whitefield,12.9698,77.7499,158
2025-08-28 06:09:00,Whitefield,12.9698,77.7499,97
2025-08-28 06:23:00,Whitefield,12.9698,77.7499,54
2025-08-28 06:53:00,Whitefield,12.9698,77.7499,159
2025-08-28 06:08:00,Whitefield,12.9698,77.7499,178
2025-08-28 06:33:00,Whitefield,12.9698,77.7499,199
2025-08-28 06:17:00,Koramangala,12.9352,77.6245,152
2025-08-28 06:11:00,Koramangala,12.9352,77.6245,135
2025-08-28 06:22:00,Koramangala,12.9352,77.6245,101
2025-08-28 06:12:00,Koramangala,12.9352,77.6245,62
2025-08-28 06:34:00,Koramangala,12.9352,77.6245,147
2025-08-28 06:32:00,Koramangala,12.9352,77.6245,62
2025-08-28 06:16:00,Koramangala,12.9352,77.6245,138
2025-08-28 06:30:00,Koramangala,12.9352,77.6245,177
2025-08-28 06:40:00,Koramangala,12.9352,77.6245,191
2025-08-28 06:19:00,Koramangala,12.9352,77.6245,72
2025-08-28 06:11:00,Koramangala,12.9352,77.6245,187
2025-08-28 06:10:00,Koramangala,12.9352,77.6245,66
2025-08-28 06:35:00,Koramangala,12.9352,77.6245,195
2025-08-28 06:15:00,Koramangala,12.9352,77.6245,87
2025-08-28 06:31:00,Koramangala,12.9352,77.6245,176
2025-08-28 06:25:00,Marathahalli,12.9569,77.7011,57
2025-08-28 06:52:00,Marathahalli,12.9569,77.7011,100
2025-08-28 06:14:00,Marathahalli,12.9569,77.7011,106
2025-08-28 06:28:00,Marathahalli,12.9569,77.7011,79
2025-08-28 06:36:00,Marathahalli,12.9569,77.7011,135
2025-08-28 06:20:00,Marathahalli,12.9569,77.7011,94
2025-08-28 06:56:00,Marathahalli,12.9569,77.7011,141
2025-08-28 06:46:00,Marathahalli,12.9569,77.7011,169
2025-08-28 06:41:00,Marathahalli,12.9569,77.7011,80
2025-08-28 06:19:00,Marathahalli,12.9569,77.7011,97
2025-08-28 06:05:00,Marathahalli,12.9569,77.7011,145
2025-08-28 06:33:00,Marathahalli,12.9569,77.7011,181
2025-08-28 06:49:00,Marathahalli,12.9569,77.7011,130
2025-08-28 06:06:00,Marathahalli,12.9569,77.7011,70
2025-08-28 06:27:00,Marathahalli,12.9569,77.7011,131
2025-08-28 06:36:00,Indiranagar,12.9784,77.6408,109
2025-08-28 06:39:00,Indiranagar,12.9784,77.6408,89
2025-08-28 06:11:00,Indiranagar,12.9784,77.6408,58
2025-08-28 06:05:00,Indiranagar,12.9784,77.6408,132
2025-08-28 06:56:00,Indiranagar,12.9784,77.6408,74
2025-08-28 06:56:00,Indiranagar,12.9784,77.6408,56
2025-08-28 06:48:00,Electronic City,12.8452,77.6602,63
2025-08-28 06:31:00,Electronic City,12.8452,77.6602,101
2025-08-28 06:42:00,Electronic City,12.8452,77.6602,71
2025-08-28 06:26:00,Electronic City,12.8452,77.6602,110
2025-08-28 06:52:00,Electronic City,12.8452,77.6602,113
2025-08-28 06:25:00,Electronic City,12.8452,77.6602,72
2025-08-28 07:12:00,Yeshwanthpur,13.0186,77.556,109
2025-08-28 07:12:00,Yeshwanthpur,13.0186,77.556,90
2025-08-28 07:41:00,Yeshwanthpur,13.0186,77.556,135
2025-08-28 07:44:00,Yeshwanthpur,13.0186,77.556,121
2025-08-28 07:13:00,Yeshwanthpur,13.0186,77.556,123
2025-08-28 07:35:00,Yeshwanthpur,13.0186,77.556,101
2025-08-28 07:18:00,Yeshwanthpur,13.0186,77.556,101
2025-08-28 07:59:00,Yeshwanthpur,13.0186,77.556,70
2025-08-28 07:04:00,Yeshwanthpur,13.0186,77.556,50
2025-08-28 07:19:00,Yeshwanthpur,13.0186,77.556,51
2025-08-28 07:14:00,Whitefield,12.9698,77.7499,136
2025-08-28 07:00:00,Whitefield,12.9698,77.7499,129
2025-08-28 07:15:00,Whitefield,12.9698,77.7499,163
2025-08-28 07:01:00,Whitefield,12.9698,77.7499,87
2025-08-28 07:34:00,Whitefield,12.9698,77.7499,156
2025-08-28 07:30:00,Whitefield,12.9698,77.7499,62
2025-08-28 07:32:00,Whitefield,12.9698,77.7499,85
2025-08-28 07:48:00,Whitefield,12.9698,77.7499,116
2025-08-28 07:46:00,Whitefield,12.9698,77.7499,140
2025-08-28 07:04:00,Whitefield,12.9698,77.7499,83
2025-08-28 07:36:00,Whitefield,12.9698,77.7499,119
2025-08-28 07:24:00,Whitefield,12.9698,77.7499,136
2025-08-28 07:00:00,Whitefield,12.9698,77.7499,88
2025-08-28 07:47:00,Whitefield,12.9698,77.7499,66
2025-08-28 07:56:00,Whitefield,12.9698,77.7499,105
2025-08-28 07:41:00,Whitefield,12.9698,77.7499,147
2025-08-28 07:42:00,Whitefield,12.9698,77.7499,200
2025-08-28 07:07:00,Whitefield,12.9698,77.7499,152
2025-08-28 07:30:00,Whitefield,12.9698,77.7499,71
2025-08-28 07:18:00,Whitefield,12.9698,77.7499,123
2025-08-28 07:33:00,Koramangala,12.9352,77.6245,107
2025-08-28 07:46:00,Koramangala,12.9352,77.6245,59
2025-08-28 07:50:00,Koramangala,12.9352,77.6245,59
2025-08-28 07:04:00,Koramangala,12.9352,77.6245,52
2025-08-28 07:58:00,Koramangala,12.9352,77.6245,81
2025-08-28 07:07:00,Koramangala,12.9352,77.6245,93
2025-08-28 07:09:00,Koramangala,12.9352,77.6245,95
2025-08-28 07:35:00,Koramangala,12.9352,77.6245,162
2025-08-28 07:10:00,Koramangala,12.9352,77.6245,150
2025-08-28 07:09:00,Koramangala,12.9352,77.6245,73
2025-08-28 07:50:00,Marathahalli,12.9569,77.7011,145
2025-08-28 07:16:00,Marathahalli,12.9569,77.7011,189
2025-08-28 07:59:00,Marathahalli,12.9569,77.7011,81
2025-08-28 07:16:00,Indiranagar,12.9784,77.6408,58
2025-08-28 07:16:00,Indiranagar,12.9784,77.6408,138
2025-08-28 07:39:00,Indiranagar,12.9784,77.6408,90
2025-08-28 07:28:00,Indiranagar,12.9784,77.6408,73
2025-08-28 07:27:00,Indiranagar,12.9784,77.6408,51
2025-08-28 07:46:00,Indiranagar,12.9784,77.6408,74
2025-08-28 07:16:00,Indiranagar,12.9784,77.6408,62
2025-08-28 07:53:00,Indiranagar,12.9784,77.6408,56
2025-08-28 07:43:00,Indiranagar,12.9784,77.6408,84
2025-08-28 07:32:00,Indiranagar,12.9784,77.6408,122
2025-08-28 07:24:00,Indiranagar,12.9784,77.6408,67
2025-08-28 07:54:00,Electronic City,12.8452,77.6602,84
2025-08-28 07:25:00,Electronic City,12.8452,77.6602,102
2025-08-28 07:43:00,Electronic City,12.8452,77.6602,117
2025-08-28 07:22:00,Electronic City,12.8452,77.6602,109
2025-08-28 07:47:00,Electronic City,12.8452,77.6602,100
2025-08-28 07:42:00,Electronic City,12.8452,77.6602,98
2025-08-28 08:56:00,Yeshwanthpur,13.0186,77.556,74
2025-08-28 08:25:00,Yeshwanthpur,13.0186,77.556,71
2025-08-28 08:43:00,Yeshwanthpur,13.0186,77.556,81
2025-08-28 08:28:00,Yeshwanthpur,13.0186,77.556,57
2025-08-28 08:03:00,Yeshwanthpur,13.0186,77.556,77
2025-08-28 08:23:00,Yeshwanthpur,13.0186,77.556,57
2025-08-28 08:30:00,Whitefield,12.9698,77.7499,169
2025-08-28 08:52:00,Whitefield,12.9698,77.7499,107
2025-08-28 08:50:00,Whitefield,12.9698,77.7499,69
2025-08-28 08:49:00,Whitefield,12.9698,77.7499,89
2025-08-28 08:28:00,Whitefield,12.9698,77.7499,132
2025-08-28 08:47:00,Whitefield,12.9698,77.7499,180
2025-08-28 08:11:00,Whitefield,12.9698,77.7499,153
2025-08-28 08:42:00,Whitefield,12.9698,77.7499,179
2025-08-28 08:39:00,Whitefield,12.9698,77.7499,195
2025-08-28 08:25:00,Whitefield,12.9698,77.7499,178
2025-08-28 08:06:00,Koramangala,12.9352,77.6245,81
2025-08-28 08:14:00,Koramangala,12.9352,77.6245,120
2025-08-28 08:47:00,Koramangala,12.9352,77.6245,79
2025-08-28 08:59:00,Koramangala,12.9352,77.6245,74
2025-08-28 08:27:00,Koramangala,12.9352,77.6245,185
2025-08-28 08:05:00,Koramangala,12.9352,77.6245,185
2025-08-28 08:15:00,Koramangala,12.9352,77.6245,106
2025-08-28 08:43:00,Koramangala,12.9352,77.6245,149
2025-08-28 08:12:00,Koramangala,12.9352,77.6245,176
2025-08-28 08:33:00,Koramangala,12.9352,77.6245,175
2025-08-28 08:06:00,Koramangala,12.9352,77.6245,157
2025-08-28 08:15:00,Koramangala,12.9352,77.6245,84
2025-08-28 08:43:00,Marathahalli,12.9569,77.7011,173
2025-08-28 08:33:00,Marathahalli,12.9569,77.7011,176
2025-08-28 08:53:00,Marathahalli,12.9569,77.7011,63
2025-08-28 08:56:00,Marathahalli,12.9569,77.7011,61
2025-08-28 08:22:00,Indiranagar,12.9784,77.6408,120
2025-08-28 08:48:00,Indiranagar,12.9784,77.6408,57
2025-08-28 08:11:00,Indiranagar,12.9784,77.6408,110
2025-08-28 08:09:00,Indiranagar,12.9784,77.6408,138
2025-08-28 08:14:00,Indiranagar,12.9784,77.6408,75
2025-08-28 08:33:00,Indiranagar,12.9784,77.6408,93
2025-08-28 08:04:00,Indiranagar,12.9784,77.6408,108
2025-08-28 08:29:00,Indiranagar,12.9784,77.6408,116
2025-08-28 08:57:00,Indiranagar,12.9784,77.6408,119
2025-08-28 08:42:00,Indiranagar,12.9784,77.6408,71
2025-08-28 08:34:00,Electronic City,12.8452,77.6602,97
2025-08-28 08:31:00,Electronic City,12.8452,77.6602,102
2025-08-28 08:08:00,Electronic City,12.8452,77.6602,69
2025-08-28 08:21:00,Electronic City,12.8452,77.6602,102
2025-08-28 08:17:00,Electronic City,12.8452,77.6602,101
2025-08-28 09:40:00,Yeshwanthpur,13.0186,77.556,57
2025-08-28 09:08:00,Yeshwanthpur,13.0186,77.556,153
2025-08-28 09:22:00,Yeshwanthpur,13.0186,77.556,56
2025-08-28 09:25:00,Yeshwanthpur,13.0186,77.556,55
2025-08-28 09:21:00,Whitefield,12.9698,77.7499,110
2025-08-28 09:22:00,Whitefield,12.9698,77.7499,148
2025-08-28 09:15:00,Whitefield,12.9698,77.7499,72
2025-08-28 09:16:00,Whitefield,12.9698,77.7499,50
2025-08-28 09:00:00,Whitefield,12.9698,77.7499,111
2025-08-28 09:59:00,Whitefield,12.9698,77.7499,123
2025-08-28 09:43:00,Whitefield,12.9698,77.7499,95
2025-08-28 09:31:00,Whitefield,12.9698,77.7499,126
2025-08-28 09:17:00,Whitefield,12.9698,77.7499,59
2025-08-28 09:42:00,Whitefield,12.9698,77.7499,100
2025-08-28 09:07:00,Whitefield,12.9698,77.7499,180
2025-08-28 09:07:00,Whitefield,12.9698,77.7499,77
2025-08-28 09:35:00,Whitefield,12.9698,77.7499,86
2025-08-28 09:28:00,Whitefield,12.9698,77.7499,197
2025-08-28 09:29:00,Whitefield,12.9698,77.7499,113
2025-08-28 09:49:00,Koramangala,12.9352,77.6245,171
2025-08-28 09:47:00,Koramangala,12.9352,77.6245,58
2025-08-28 09:14:00,Koramangala,12.9352,77.6245,109
2025-08-28 09:31:00,Koramangala,12.9352,77.6245,105
2025-08-28 09:36:00,Koramangala,12.9352,77.6245,184
2025-08-28 09:51:00,Koramangala,12.9352,77.6245,170
2025-08-28 09:25:00,Koramangala,12.9352,77.6245,142
2025-08-28 09:09:00,Koramangala,12.9352,77.6245,84
2025-08-28 09:12:00,Koramangala,12.9352,77.6245,180
2025-08-28 09:12:00,Koramangala,12.9352,77.6245,127
2025-08-28 09:06:00,Koramangala,12.9352,77.6245,93
2025-08-28 09:06:00,Marathahalli,12.9569,77.7011,133
2025-08-28 09:28:00,Marathahalli,12.9569,77.7011,69
2025-08-28 09:10:00,Marathahalli,12.9569,77.7011,109
2025-08-28 09:02:00,Marathahalli,12.9569,77.7011,112
2025-08-28 09:50:00,Marathahalli,12.9569,77.7011,56
2025-08-28 09:41:00,Marathahalli,12.9569,77.7011,180
2025-08-28 09:13:00,Marathahalli,12.9569,77.7011,107
2025-08-28 09:03:00,Marathahalli,12.9569,77.7011,183
2025-08-28 09:08:00,Indiranagar,12.9784,77.6408,140
2025-08-28 09:09:00,Indiranagar,12.9784,77.6408,128
2025-08-28 09:08:00,Indiranagar,12.9784,77.6408,116
2025-08-28 09:32:00,Indiranagar,12.9784,77.6408,71
2025-08-28 09:01:00,Indiranagar,12.9784,77.6408,118
2025-08-28 09:25:00,Indiranagar,12.9784,77.6408,62
2025-08-28 09:19:00,Electronic City,12.8452,77.6602,95
2025-08-28 09:01:00,Electronic City,12.8452,77.6602,115
2025-08-28 09:02:00,Electronic City,12.8452,77.6602,66
2025-08-28 09:51:00,Electronic City,12.8452,77.6602,90
2025-08-28 09:42:00,Electronic City,12.8452,77.6602,99
2025-08-28 09:24:00,Electronic City,12.8452,77.6602,81
2025-08-28 09:27:00,Electronic City,12.8452,77.6602,51
2025-08-28 10:43:00,Yeshwanthpur,13.0186,77.556,135
2025-08-28 10:22:00,Yeshwanthpur,13.0186,77.556,94
2025-08-28 10:12:00,Yeshwanthpur,13.0186,77.556,128
2025-08-28 10:54:00,Yeshwanthpur,13.0186,77.556,126
2025-08-28 10:51:00,Yeshwanthpur,13.0186,77.556,81
2025-08-28 10:05:00,Yeshwanthpur,13.0186,77.556,66
2025-08-28 10:30:00,Yeshwanthpur,13.0186,77.556,77
2025-08-28 10:51:00,Yeshwanthpur,13.0186,77.556,133
2025-08-28 10:28:00,Yeshwanthpur,13.0186,77.556,66
2025-08-28 10:43:00,Yeshwanthpur,13.0186,77.556,114
2025-08-28 10:30:00,Whitefield,12.9698,77.7499,152
2025-08-28 10:38:00,Whitefield,12.9698,77.7499,96
2025-08-28 10:25:00,Whitefield,12.9698,77.7499,113
2025-08-28 10:10:00,Whitefield,12.9698,77.7499,185
2025-08-28 10:42:00,Whitefield,12.9698,77.7499,123
2025-08-28 10:09:00,Whitefield,12.9698,77.7499,66
2025-08-28 10:15:00,Whitefield,12.9698,77.7499,133
2025-08-28 10:31:00,Whitefield,12.9698,77.7499,175
2025-08-28 10:19:00,Whitefield,12.9698,77.7499,72
2025-08-28 10:59:00,Whitefield,12.9698,77.7499,108
2025-08-28 10:55:00,Whitefield,12.9698,77.7499,155
2025-08-28 10:23:00,Whitefield,12.9698,77.7499,182
2025-08-28 10:22:00,Whitefield,12.9698,77.7499,137
2025-08-28 10:23:00,Whitefield,12.9698,77.7499,187
2025-08-28 10:16:00,Whitefield,12.9698,77.7499,85
2025-08-28 10:53:00,Whitefield,12.9698,77.7499,119
2025-08-28 10:54:00,Koramangala,12.9352,77.6245,151
2025-08-28 10:01:00,Koramangala,12.9352,77.6245,145
2025-08-28 10:44:00,Koramangala,12.9352,77.6245,189
2025-08-28 10:08:00,Koramangala,12.9352,77.6245,99
2025-08-28 10:48:00,Koramangala,12.9352,77.6245,91
2025-08-28 10:32:00,Koramangala,12.9352,77.6245,136
2025-08-28 10:09:00,Koramangala,12.9352,77.6245,197
2025-08-28 10:52:00,Koramangala,12.9352,77.6245,97
2025-08-28 10:07:00,Koramangala,12.9352,77.6245,64
2025-08-28 10:37:00,Marathahalli,12.9569,77.7011,75
2025-08-28 10:24:00,Marathahalli,12.9569,77.7011,60
2025-08-28 10:07:00,Marathahalli,12.9569,77.7011,78
2025-08-28 10:14:00,Marathahalli,12.9569,77.7011,55
2025-08-28 10:43:00,Marathahalli,12.9569,77.7011,139
2025-08-28 10:04:00,Marathahalli,12.9569,77.7011,119
2025-08-28 10:19:00,Marathahalli,12.9569,77.7011,130
2025-08-28 10:21:00,Marathahalli,12.9569,77.7011,52
2025-08-28 10:51:00,Marathahalli,12.9569,77.7011,50
2025-08-28 10:38:00,Marathahalli,12.9569,77.7011,173
2025-08-28 10:16:00,Marathahalli,12.9569,77.7011,185
2025-08-28 10:54:00,Marathahalli,12.9569,77.7011,63
2025-08-28 10:10:00,Indiranagar,12.9784,77.6408,112
2025-08-28 10:28:00,Indiranagar,12.9784,77.6408,114
2025-08-28 10:38:00,Indiranagar,12.9784,77.6408,63
2025-08-28 10:12:00,Indiranagar,12.9784,77.6408,139
2025-08-28 10:31:00,Electronic City,12.8452,77.6602,92
2025-08-28 10:51:00,Electronic City,12.8452,77.6602,50
2025-08-28 10:38:00,Electronic City,12.8452,77.6602,75
2025-08-28 10:22:00,Electronic City,12.8452,77.6602,112
2025-08-28 10:40:00,Electronic City,12.8452,77.6602,107
2025-08-28 10:24:00,Electronic City,12.8452,77.6602,53
2025-08-28 11:05:00,Yeshwanthpur,13.0186,77.556,121
2025-08-28 11:40:00,Yeshwanthpur,13.0186,77.556,93
2025-08-28 11:47:00,Yeshwanthpur,13.0186,77.556,79
2025-08-28 11:15:00,Yeshwanthpur,13.0186,77.556,140
2025-08-28 11:13:00,Yeshwanthpur,13.0186,77.556,90
2025-08-28 11:26:00,Yeshwanthpur,13.0186,77.556,83
2025-08-28 11:02:00,Yeshwanthpur,13.0186,77.556,160
2025-08-28 11:57:00,Yeshwanthpur,13.0186,77.556,138
2025-08-28 11:30:00,Yeshwanthpur,13.0186,77.556,115
2025-08-28 11:03:00,Yeshwanthpur,13.0186,77.556,135
2025-08-28 11:38:00,Yeshwanthpur,13.0186,77.556,72
2025-08-28 11:25:00,Yeshwanthpur,13.0186,77.556,156
2025-08-28 11:03:00,Yeshwanthpur,13.0186,77.556,74
2025-08-28 11:54:00,Yeshwanthpur,13.0186,77.556,122
2025-08-28 11:01:00,Whitefield,12.9698,77.7499,145
2025-08-28 11:21:00,Whitefield,12.9698,77.7499,155
2025-08-28 11:48:00,Whitefield,12.9698,77.7499,106
2025-08-28 11:36:00,Whitefield,12.9698,77.7499,150
2025-08-28 11:38:00,Whitefield,12.9698,77.7499,65
2025-08-28 11:21:00,Whitefield,12.9698,77.7499,95
2025-08-28 11:57:00,Whitefield,12.9698,77.7499,158
2025-08-28 11:49:00,Whitefield,12.9698,77.7499,79
2025-08-28 11:03:00,Whitefield,12.9698,77.7499,183
2025-08-28 11:16:00,Whitefield,12.9698,77.7499,67
2025-08-28 11:17:00,Whitefield,12.9698,77.7499,134
2025-08-28 11:07:00,Whitefield,12.9698,77.7499,98
2025-08-28 11:16:00,Whitefield,12.9698,77.7499,140
2025-08-28 11:29:00,Whitefield,12.9698,77.7499,55
2025-08-28 11:47:00,Koramangala,12.9352,77.6245,65
2025-08-28 11:06:00,Koramangala,12.9352,77.6245,178
2025-08-28 11:26:00,Koramangala,12.9352,77.6245,161
2025-08-28 11:33:00,Koramangala,12.9352,77.6245,131
2025-08-28 11:55:00,Koramangala,12.9352,77.6245,94
2025-08-28 11:02:00,Koramangala,12.9352,77.6245,133
2025-08-28 11:23:00,Koramangala,12.9352,77.6245,130
2025-08-28 11:56:00,Koramangala,12.9352,77.6245,87
2025-08-28 11:42:00,Koramangala,12.9352,77.6245,59
2025-08-28 11:43:00,Koramangala,12.9352,77.6245,185
2025-08-28 11:08:00,Koramangala,12.9352,77.6245,127
2025-08-28 11:40:00,Koramangala,12.9352,77.6245,194
2025-08-28 11:11:00,Koramangala,12.9352,77.6245,148
2025-08-28 11:50:00,Koramangala,12.9352,77.6245,186
2025-08-28 11:22:00,Koramangala,12.9352,77.6245,75
2025-08-28 11:15:00,Koramangala,12.9352,77.6245,105
2025-08-28 11:25:00,Koramangala,12.9352,77.6245,151
2025-08-28 11:30:00,Koramangala,12.9352,77.6245,187
2025-08-28 11:43:00,Marathahalli,12.9569,77.7011,197
2025-08-28 11:37:00,Marathahalli,12.9569,77.7011,130
2025-08-28 11:06:00,Marathahalli,12.9569,77.7011,83
2025-08-28 11:00:00,Marathahalli,12.9569,77.7011,91
2025-08-28 11:03:00,Marathahalli,12.9569,77.7011,135
2025-08-28 11:06:00,Marathahalli,12.9569,77.7011,189
2025-08-28 11:40:00,Marathahalli,12.9569,77.7011,143
2025-08-28 11:05:00,Marathahalli,12.9569,77.7011,127
2025-08-28 11:29:00,Indiranagar,12.9784,77.6408,74
2025-08-28 11:36:00,Indiranagar,12.9784,77.6408,137
2025-08-28 11:21:00,Indiranagar,12.9784,77.6408,72
2025-08-28 11:07:00,Indiranagar,12.9784,77.6408,134
2025-08-28 11:57:00,Indiranagar,12.9784,77.6408,113
2025-08-28 11:07:00,Indiranagar,12.9784,77.6408,116
2025-08-28 11:09:00,Electronic City,12.8452,77.6602,75
2025-08-28 11:53:00,Electronic City,12.8452,77.6602,56
2025-08-28 11:12:00,Electronic City,12.8452,77.6602,89
2025-08-28 11:00:00,Electronic City,12.8452,77.6602,112
2025-08-28 11:29:00,Electronic City,12.8452,77.6602,99
2025-08-28 11:37:00,Electronic City,12.8452,77.6602,84
2025-08-28 12:11:00,Yeshwanthpur,13.0186,77.556,153
2025-08-28 12:34:00,Yeshwanthpur,13.0186,77.556,85
2025-08-28 12:37:00,Yeshwanthpur,13.0186,77.556,160
2025-08-28 12:58:00,Yeshwanthpur,13.0186,77.556,51
2025-08-28 12:34:00,Yeshwanthpur,13.0186,77.556,151
2025-08-28 12:22:00,Yeshwanthpur,13.0186,77.556,55
2025-08-28 12:55:00,Whitefield,12.9698,77.7499,69
2025-08-28 12:09:00,Whitefield,12.9698,77.7499,153
2025-08-28 12:29:00,Whitefield,12.9698,77.7499,76
2025-08-28 12:00:00,Whitefield,12.9698,77.7499,157
2025-08-28 12:08:00,Whitefield,12.9698,77.7499,191
2025-08-28 12:12:00,Whitefield,12.9698,77.7499,53
2025-08-28 12:58:00,Whitefield,12.9698,77.7499,176
2025-08-28 12:58:00,Whitefield,12.9698,77.7499,141
2025-08-28 12:06:00,Whitefield,12.9698,77.7499,109
2025-08-28 12:57:00,Whitefield,12.9698,77.7499,175
2025-08-28 12:06:00,Whitefield,12.9698,77.7499,87
2025-08-28 12:15:00,Whitefield,12.9698,77.7499,87
2025-08-28 12:49:00,Whitefield,12.9698,77.7499,100
2025-08-28 12:08:00,Whitefield,12.9698,77.7499,153
2025-08-28 12:17:00,Whitefield,12.9698,77.7499,137
2025-08-28 12:22:00,Whitefield,12.9698,77.7499,122
2025-08-28 12:41:00,Whitefield,12.9698,77.7499,120
2025-08-28 12:47:00,Whitefield,12.9698,77.7499,197
2025-08-28 12:24:00,Koramangala,12.9352,77.6245,165
2025-08-28 12:51:00,Koramangala,12.9352,77.6245,55
2025-08-28 12:31:00,Koramangala,12.9352,77.6245,84
2025-08-28 12:30:00,Koramangala,12.9352,77.6245,98
2025-08-28 12:27:00,Koramangala,12.9352,77.6245,198
2025-08-28 12:01:00,Koramangala,12.9352,77.6245,113
2025-08-28 12:06:00,Koramangala,12.9352,77.6245,141
2025-08-28 12:29:00,Koramangala,12.9352,77.6245,113
2025-08-28 12:42:00,Koramangala,12.9352,77.6245,126
2025-08-28 12:15:00,Koramangala,12.9352,77.6245,152
2025-08-28 12:37:00,Koramangala,12.9352,77.6245,196
2025-08-28 12:38:00,Koramangala,12.9352,77.6245,87
2025-08-28 12:45:00,Koramangala,12.9352,77.6245,139
2025-08-28 12:10:00,Marathahalli,12.9569,77.7011,119
2025-08-28 12:57:00,Marathahalli,12.9569,77.7011,116
2025-08-28 12:00:00,Marathahalli,12.9569,77.7011,57
2025-08-28 12:42:00,Marathahalli,12.9569,77.7011,97
2025-08-28 12:28:00,Marathahalli,12.9569,77.7011,55
2025-08-28 12:31:00,Marathahalli,12.9569,77.7011,191
2025-08-28 12:26:00,Indiranagar,12.9784,77.6408,118
2025-08-28 12:09:00,Indiranagar,12.9784,77.6408,72
2025-08-28 12:04:00,Indiranagar,12.9784,77.6408,100
2025-08-28 12:20:00,Electronic City,12.8452,77.6602,118
2025-08-28 12:13:00,Electronic City,12.8452,77.6602,116
2025-08-28 12:04:00,Electronic City,12.8452,77.6602,104
2025-08-28 12:22:00,Electronic City,12.8452,77.6602,77
2025-08-28 12:48:00,Electronic City,12.8452,77.6602,89
2025-08-28 12:50:00,Electronic City,12.8452,77.6602,51
2025-08-28 13:51:00,Yeshwanthpur,13.0186,77.556,71
2025-08-28 13:12:00,Yeshwanthpur,13.0186,77.556,98
2025-08-28 13:00:00,Yeshwanthpur,13.0186,77.556,115
2025-08-28 13:35:00,Yeshwanthpur,13.0186,77.556,62
2025-08-28 13:51:00,Yeshwanthpur,13.0186,77.556,144
2025-08-28 13:14:00,Yeshwanthpur,13.0186,77.556,76
2025-08-28 13:15:00,Yeshwanthpur,13.0186,77.556,132
2025-08-28 13:16:00,Whitefield,12.9698,77.7499,60
2025-08-28 13:54:00,Whitefield,12.9698,77.7499,187
2025-08-28 13:35:00,Whitefield,12.9698,77.7499,92
2025-08-28 13:56:00,Whitefield,12.9698,77.7499,190
2025-08-28 13:21:00,Whitefield,12.9698,77.7499,166
2025-08-28 13:17:00,Whitefield,12.9698,77.7499,135
2025-08-28 13:12:00,Whitefield,12.9698,77.7499,71
2025-08-28 13:08:00,Whitefield,12.9698,77.7499,108
2025-08-28 13:39:00,Whitefield,12.9698,77.7499,194
2025-08-28 13:56:00,Whitefield,12.9698,77.7499,60
2025-08-28 13:11:00,Whitefield,12.9698,77.7499,95
2025-08-28 13:32:00,Whitefield,12.9698,77.7499,54
2025-08-28 13:47:00,Whitefield,12.9698,77.7499,115
2025-08-28 13:37:00,Koramangala,12.9352,77.6245,198
2025-08-28 13:37:00,Koramangala,12.9352,77.6245,67
2025-08-28 13:31:00,Koramangala,12.9352,77.6245,78
2025-08-28 13:07:00,Koramangala,12.9352,77.6245,116
2025-08-28 13:02:00,Koramangala,12.9352,77.6245,149
2025-08-28 13:34:00,Koramangala,12.9352,77.6245,63
2025-08-28 13:01:00,Koramangala,12.9352,77.6245,57
2025-08-28 13:19:00,Koramangala,12.9352,77.6245,153
2025-08-28 13:50:00,Koramangala,12.9352,77.6245,142
2025-08-28 13:39:00,Koramangala,12.9352,77.6245,106
2025-08-28 13:10:00,Marathahalli,12.9569,77.7011,131
2025-08-28 13:59:00,Marathahalli,12.9569,77.7011,102
2025-08-28 13:18:00,Marathahalli,12.9569,77.7011,71
2025-08-28 13:35:00,Marathahalli,12.9569,77.7011,81
2025-08-28 13:22:00,Marathahalli,12.9569,77.7011,126
2025-08-28 13:43:00,Marathahalli,12.9569,77.7011,69
2025-08-28 13:01:00,Marathahalli,12.9569,77.7011,89
2025-08-28 13:00:00,Marathahalli,12.9569,77.7011,174
2025-08-28 13:42:00,Indiranagar,12.9784,77.6408,90
2025-08-28 13:56:00,Indiranagar,12.9784,77.6408,110
2025-08-28 13:58:00,Indiranagar,12.9784,77.6408,95
2025-08-28 13:44:00,Indiranagar,12.9784,77.6408,108
2025-08-28 13:33:00,Indiranagar,12.9784,77.6408,74
2025-08-28 13:50:00,Indiranagar,12.9784,77.6408,91
2025-08-28 13:05:00,Indiranagar,12.9784,77.6408,67
2025-08-28 13:58:00,Electronic City,12.8452,77.6602,109
2025-08-28 13:21:00,Electronic City,12.8452,77.6602,109
2025-08-28 13:16:00,Electronic City,12.8452,77.6602,53
2025-08-28 13:23:00,Electronic City,12.8452,77.6602,51
2025-08-28 14:42:00,Yeshwanthpur,13.0186,77.556,68
2025-08-28 14:41:00,Yeshwanthpur,13.0186,77.556,101
2025-08-28 14:22:00,Yeshwanthpur,13.0186,77.556,81
2025-08-28 14:08:00,Yeshwanthpur,13.0186,77.556,151
2025-08-28 14:50:00,Yeshwanthpur,13.0186,77.556,141
2025-08-28 14:56:00,Yeshwanthpur,13.0186,77.556,80
2025-08-28 14:15:00,Yeshwanthpur,13.0186,77.556,148
2025-08-28 14:27:00,Yeshwanthpur,13.0186,77.556,107
2025-08-28 14:11:00,Yeshwanthpur,13.0186,77.556,113
2025-08-28 14:06:00,Whitefield,12.9698,77.7499,113
2025-08-28 14:58:00,Whitefield,12.9698,77.7499,122
2025-08-28 14:49:00,Whitefield,12.9698,77.7499,144
2025-08-28 14:17:00,Whitefield,12.9698,77.7499,127
2025-08-28 14:00:00,Whitefield,12.9698,77.7499,188
2025-08-28 14:34:00,Whitefield,12.9698,77.7499,197
2025-08-28 14:17:00,Whitefield,12.9698,77.7499,82
2025-08-28 14:42:00,Whitefield,12.9698,77.7499,199
2025-08-28 14:03:00,Whitefield,12.9698,77.7499,144
2025-08-28 14:47:00,Whitefield,12.9698,77.7499,150
2025-08-28 14:20:00,Whitefield,12.9698,77.7499,53
2025-08-28 14:08:00,Whitefield,12.9698,77.7499,175
2025-08-28 14:50:00,Whitefield,12.9698,77.7499,52
2025-08-28 14:16:00,Whitefield,12.9698,77.7499,155
2025-08-28 14:51:00,Whitefield,12.9698,77.7499,115
2025-08-28 14:34:00,Whitefield,12.9698,77.7499,52
2025-08-28 14:45:00,Whitefield,12.9698,77.7499,84
2025-08-28 14:16:00,Whitefield,12.9698,77.7499,140
2025-08-28 14:31:00,Koramangala,12.9352,77.6245,77
2025-08-28 14:38:00,Koramangala,12.9352,77.6245,155
2025-08-28 14:26:00,Koramangala,12.9352,77.6245,180
2025-08-28 14:02:00,Koramangala,12.9352,77.6245,135
2025-08-28 14:46:00,Koramangala,12.9352,77.6245,166
2025-08-28 14:04:00,Koramangala,12.9352,77.6245,141
2025-08-28 14:13:00,Koramangala,12.9352,77.6245,194
2025-08-28 14:19:00,Koramangala,12.9352,77.6245,125
2025-08-28 14:37:00,Koramangala,12.9352,77.6245,175
2025-08-28 14:13:00,Koramangala,12.9352,77.6245,140
2025-08-28 14:40:00,Koramangala,12.9352,77.6245,128
2025-08-28 14:54:00,Koramangala,12.9352,77.6245,176
2025-08-28 14:15:00,Koramangala,12.9352,77.6245,175
2025-08-28 14:36:00,Koramangala,12.9352,77.6245,127
2025-08-28 14:56:00,Marathahalli,12.9569,77.7011,94
2025-08-28 14:34:00,Marathahalli,12.9569,77.7011,81
2025-08-28 14:59:00,Marathahalli,12.9569,77.7011,83
2025-08-28 14:08:00,Marathahalli,12.9569,77.7011,63
2025-08-28 14:59:00,Marathahalli,12.9569,77.7011,170
2025-08-28 14:38:00,Marathahalli,12.9569,77.7011,191
2025-08-28 14:58:00,Marathahalli,12.9569,77.7011,176
2025-08-28 14:28:00,Marathahalli,12.9569,77.7011,173
2025-08-28 14:59:00,Marathahalli,12.9569,77.7011,54
2025-08-28 14:45:00,Marathahalli,12.9569,77.7011,103
2025-08-28 14:32:00,Marathahalli,12.9569,77.7011,142
2025-08-28 14:19:00,Marathahalli,12.9569,77.7011,172
2025-08-28 14:39:00,Marathahalli,12.9569,77.7011,83
2025-08-28 14:57:00,Marathahalli,12.9569,77.7011,102
2025-08-28 14:36:00,Marathahalli,12.9569,77.7011,72
2025-08-28 14:40:00,Marathahalli,12.9569,77.7011,57
2025-08-28 14:29:00,Marathahalli,12.9569,77.7011,63
2025-08-28 14:02:00,Indiranagar,12.9784,77.6408,113
2025-08-28 14:08:00,Indiranagar,12.9784,77.6408,65
2025-08-28 14:57:00,Indiranagar,12.9784,77.6408,74
2025-08-28 14:08:00,Indiranagar,12.9784,77.6408,116
2025-08-28 14:38:00,Indiranagar,12.9784,77.6408,127
2025-08-28 14:59:00,Indiranagar,12.9784,77.6408,97
2025-08-28 14:35:00,Indiranagar,12.9784,77.6408,78
2025-08-28 14:07:00,Indiranagar,12.9784,77.6408,118
2025-08-28 14:43:00,Indiranagar,12.9784,77.6408,79
2025-08-28 14:46:00,Electronic City,12.8452,77.6602,101
2025-08-28 14:37:00,Electronic City,12.8452,77.6602,69
2025-08-28 14:31:00,Electronic City,12.8452,77.6602,74
2025-08-28 14:23:00,Electronic City,12.8452,77.6602,73
2025-08-28 14:12:00,Electronic City,12.8452,77.6602,99
2025-08-28 14:27:00,Electronic City,12.8452,77.6602,95
2025-08-28 15:54:00,Yeshwanthpur,13.0186,77.556,137
2025-08-28 15:29:00,Yeshwanthpur,13.0186,77.556,74
2025-08-28 15:58:00,Yeshwanthpur,13.0186,77.556,126
2025-08-28 15:45:00,Yeshwanthpur,13.0186,77.556,138
2025-08-28 15:41:00,Yeshwanthpur,13.0186,77.556,142
2025-08-28 15:07:00,Yeshwanthpur,13.0186,77.556,137
2025-08-28 15:32:00,Yeshwanthpur,13.0186,77.556,85
2025-08-28 15:17:00,Whitefield,12.9698,77.7499,80
2025-08-28 15:56:00,Whitefield,12.9698,77.7499,165
2025-08-28 15:47:00,Whitefield,12.9698,77.7499,198
2025-08-28 15:43:00,Whitefield,12.9698,77.7499,125
2025-08-28 15:56:00,Whitefield,12.9698,77.7499,99
2025-08-28 15:31:00,Whitefield,12.9698,77.7499,186
2025-08-28 15:58:00,Whitefield,12.9698,77.7499,69
2025-08-28 15:14:00,Whitefield,12.9698,77.7499,71
2025-08-28 15:43:00,Whitefield,12.9698,77.7499,174
2025-08-28 15:02:00,Whitefield,12.9698,77.7499,82
2025-08-28 15:55:00,Whitefield,12.9698,77.7499,105
2025-08-28 15:12:00,Whitefield,12.9698,77.7499,165
2025-08-28 15:27:00,Whitefield,12.9698,77.7499,52
2025-08-28 15:53:00,Whitefield,12.9698,77.7499,139
2025-08-28 15:03:00,Whitefield,12.9698,77.7499,109
2025-08-28 15:40:00,Whitefield,12.9698,77.7499,134
2025-08-28 15:40:00,Whitefield,12.9698,77.7499,191
2025-08-28 15:46:00,Whitefield,12.9698,77.7499,72
2025-08-28 15:32:00,Koramangala,12.9352,77.6245,143
2025-08-28 15:09:00,Koramangala,12.9352,77.6245,180
2025-08-28 15:23:00,Koramangala,12.9352,77.6245,147
2025-08-28 15:53:00,Koramangala,12.9352,77.6245,182
2025-08-28 15:17:00,Koramangala,12.9352,77.6245,110
2025-08-28 15:59:00,Marathahalli,12.9569,77.7011,174
2025-08-28 15:28:00,Marathahalli,12.9569,77.7011,161
2025-08-28 15:32:00,Marathahalli,12.9569,77.7011,114
2025-08-28 15:10:00,Marathahalli,12.9569,77.7011,93
2025-08-28 15:03:00,Marathahalli,12.9569,77.7011,182
2025-08-28 15:48:00,Marathahalli,12.9569,77.7011,188
2025-08-28 15:24:00,Marathahalli,12.9569,77.7011,192
2025-08-28 15:52:00,Marathahalli,12.9569,77.7011,187
2025-08-28 15:30:00,Marathahalli,12.9569,77.7011,158
2025-08-28 15:31:00,Marathahalli,12.9569,77.7011,75
2025-08-28 15:40:00,Indiranagar,12.9784,77.6408,83
2025-08-28 15:30:00,Indiranagar,12.9784,77.6408,67
2025-08-28 15:55:00,Indiranagar,12.9784,77.6408,65
2025-08-28 15:42:00,Indiranagar,12.9784,77.6408,126
2025-08-28 15:52:00,Indiranagar,12.9784,77.6408,88
2025-08-28 15:49:00,Indiranagar,12.9784,77.6408,59
2025-08-28 15:26:00,Indiranagar,12.9784,77.6408,128
2025-08-28 15:21:00,Indiranagar,12.9784,77.6408,99
2025-08-28 15:14:00,Indiranagar,12.9784,77.6408,87
2025-08-28 15:30:00,Electronic City,12.8452,77.6602,74
2025-08-28 15:37:00,Electronic City,12.8452,77.6602,60
2025-08-28 15:11:00,Electronic City,12.8452,77.6602,120
2025-08-28 15:53:00,Electronic City,12.8452,77.6602,70
2025-08-28 15:19:00,Electronic City,12.8452,77.6602,119
2025-08-28 15:42:00,Electronic City,12.8452,77.6602,78
2025-08-28 15:26:00,Electronic City,12.8452,77.6602,101
2025-08-28 15:48:00,Electronic City,12.8452,77.6602,95
2025-08-28 15:05:00,Electronic City,12.8452,77.6602,54
2025-08-28 16:25:00,Yeshwanthpur,13.0186,77.556,71
2025-08-28 16:23:00,Yeshwanthpur,13.0186,77.556,113
2025-08-28 16:28:00,Yeshwanthpur,13.0186,77.556,52
2025-08-28 16:05:00,Yeshwanthpur,13.0186,77.556,136
2025-08-28 16:33:00,Yeshwanthpur,13.0186,77.556,112
2025-08-28 16:42:00,Yeshwanthpur,13.0186,77.556,111
2025-08-28 16:42:00,Yeshwanthpur,13.0186,77.556,64
2025-08-28 16:41:00,Yeshwanthpur,13.0186,77.556,138
2025-08-28 16:23:00,Yeshwanthpur,13.0186,77.556,112
2025-08-28 16:01:00,Yeshwanthpur,13.0186,77.556,99
2025-08-28 16:07:00,Yeshwanthpur,13.0186,77.556,156
2025-08-28 16:43:00,Yeshwanthpur,13.0186,77.556,67
2025-08-28 16:47:00,Yeshwanthpur,13.0186,77.556,55
2025-08-28 16:01:00,Yeshwanthpur,13.0186,77.556,155
2025-08-28 16:18:00,Whitefield,12.9698,77.7499,75
2025-08-28 16:35:00,Whitefield,12.9698,77.7499,193
2025-08-28 16:27:00,Whitefield,12.9698,77.7499,61
2025-08-28 16:34:00,Whitefield,12.9698,77.7499,149
2025-08-28 16:48:00,Whitefield,12.9698,77.7499,90
2025-08-28 16:20:00,Whitefield,12.9698,77.7499,154
2025-08-28 16:24:00,Whitefield,12.9698,77.7499,108
2025-08-28 16:37:00,Whitefield,12.9698,77.7499,94
2025-08-28 16:34:00,Whitefield,12.9698,77.7499,139
2025-08-28 16:41:00,Whitefield,12.9698,77.7499,106
2025-08-28 16:02:00,Whitefield,12.9698,77.7499,184
2025-08-28 16:18:00,Whitefield,12.9698,77.7499,150
2025-08-28 16:48:00,Whitefield,12.9698,77.7499,163
2025-08-28 16:04:00,Koramangala,12.9352,77.6245,179
2025-08-28 16:33:00,Koramangala,12.9352,77.6245,157
2025-08-28 16:19:00,Koramangala,12.9352,77.6245,130
2025-08-28 16:06:00,Koramangala,12.9352,77.6245,99
2025-08-28 16:47:00,Koramangala,12.9352,77.6245,99
2025-08-28 16:18:00,Koramangala,12.9352,77.6245,76
2025-08-28 16:38:00,Koramangala,12.9352,77.6245,157
2025-08-28 16:41:00,Koramangala,12.9352,77.6245,112
2025-08-28 16:42:00,Koramangala,12.9352,77.6245,163
2025-08-28 16:13:00,Koramangala,12.9352,77.6245,71
2025-08-28 16:25:00,Koramangala,12.9352,77.6245,182
2025-08-28 16:58:00,Koramangala,12.9352,77.6245,190
2025-08-28 16:58:00,Koramangala,12.9352,77.6245,50
2025-08-28 16:50:00,Koramangala,12.9352,77.6245,186
2025-08-28 16:35:00,Koramangala,12.9352,77.6245,132
2025-08-28 16:54:00,Koramangala,12.9352,77.6245,113
2025-08-28 16:55:00,Koramangala,12.9352,77.6245,147
2025-08-28 16:22:00,Koramangala,12.9352,77.6245,197
2025-08-28 16:41:00,Marathahalli,12.9569,77.7011,157
2025-08-28 16:41:00,Marathahalli,12.9569,77.7011,169
2025-08-28 16:21:00,Marathahalli,12.9569,77.7011,66
2025-08-28 16:28:00,Marathahalli,12.9569,77.7011,59
2025-08-28 16:31:00,Marathahalli,12.9569,77.7011,160
2025-08-28 16:56:00,Marathahalli,12.9569,77.7011,120
2025-08-28 16:31:00,Marathahalli,12.9569,77.7011,132
2025-08-28 16:28:00,Marathahalli,12.9569,77.7011,111
2025-08-28 16:27:00,Marathahalli,12.9569,77.7011,114
2025-08-28 16:49:00,Marathahalli,12.9569,77.7011,171
2025-08-28 16:26:00,Marathahalli,12.9569,77.7011,181
2025-08-28 16:45:00,Marathahalli,12.9569,77.7011,149
2025-08-28 16:26:00,Indiranagar,12.9784,77.6408,81
2025-08-28 16:32:00,Indiranagar,12.9784,77.6408,115
2025-08-28 16:15:00,Indiranagar,12.9784,77.6408,77
2025-08-28 16:20:00,Indiranagar,12.9784,77.6408,94
2025-08-28 16:05:00,Electronic City,12.8452,77.6602,92
2025-08-28 16:05:00,Electronic City,12.8452,77.6602,87
2025-08-28 16:35:00,Electronic City,12.8452,77.6602,51
2025-08-28 17:14:00,Yeshwanthpur,13.0186,77.556,80
2025-08-28 17:36:00,Yeshwanthpur,13.0186,77.556,110
2025-08-28 17:56:00,Yeshwanthpur,13.0186,77.556,118
2025-08-28 17:23:00,Yeshwanthpur,13.0186,77.556,78
2025-08-28 17:14:00,Yeshwanthpur,13.0186,77.556,109
2025-08-28 17:21:00,Yeshwanthpur,13.0186,77.556,101
2025-08-28 17:17:00,Yeshwanthpur,13.0186,77.556,62
2025-08-28 17:46:00,Yeshwanthpur,13.0186,77.556,50
2025-08-28 17:27:00,Yeshwanthpur,13.0186,77.556,70
2025-08-28 17:14:00,Yeshwanthpur,13.0186,77.556,150
2025-08-28 17:04:00,Yeshwanthpur,13.0186,77.556,130
2025-08-28 17:18:00,Whitefield,12.9698,77.7499,119
2025-08-28 17:03:00,Whitefield,12.9698,77.7499,196
2025-08-28 17:56:00,Whitefield,12.9698,77.7499,169
2025-08-28 17:27:00,Whitefield,12.9698,77.7499,111
2025-08-28 17:20:00,Whitefield,12.9698,77.7499,163
2025-08-28 17:53:00,Whitefield,12.9698,77.7499,200
2025-08-28 17:38:00,Whitefield,12.9698,77.7499,139
2025-08-28 17:14:00,Whitefield,12.9698,77.7499,72
2025-08-28 17:05:00,Whitefield,12.9698,77.7499,150
2025-08-28 17:40:00,Whitefield,12.9698,77.7499,61
2025-08-28 17:31:00,Whitefield,12.9698,77.7499,126
2025-08-28 17:53:00,Whitefield,12.9698,77.7499,162
2025-08-28 17:54:00,Whitefield,12.9698,77.7499,103
2025-08-28 17:42:00,Whitefield,12.9698,77.7499,173
2025-08-28 17:26:00,Whitefield,12.9698,77.7499,134
2025-08-28 17:01:00,Whitefield,12.9698,77.7499,83
2025-08-28 17:31:00,Whitefield,12.9698,77.7499,65
2025-08-28 17:32:00,Koramangala,12.9352,77.6245,172
2025-08-28 17:21:00,Koramangala,12.9352,77.6245,179
2025-08-28 17:12:00,Koramangala,12.9352,77.6245,134
2025-08-28 17:25:00,Koramangala,12.9352,77.6245,54
2025-08-28 17:24:00,Koramangala,12.9352,77.6245,85
2025-08-28 17:31:00,Koramangala,12.9352,77.6245,106
2025-08-28 17:22:00,Koramangala,12.9352,77.6245,165
2025-08-28 17:03:00,Koramangala,12.9352,77.6245,187
2025-08-28 17:33:00,Koramangala,12.9352,77.6245,173
2025-08-28 17:36:00,Koramangala,12.9352,77.6245,95
2025-08-28 17:34:00,Marathahalli,12.9569,77.7011,98
2025-08-28 17:16:00,Marathahalli,12.9569,77.7011,180
2025-08-28 17:07:00,Marathahalli,12.9569,77.7011,145
2025-08-28 17:11:00,Marathahalli,12.9569,77.7011,69
2025-08-28 17:54:00,Marathahalli,12.9569,77.7011,114
2025-08-28 17:21:00,Marathahalli,12.9569,77.7011,179
2025-08-28 17:26:00,Marathahalli,12.9569,77.7011,74
2025-08-28 17:56:00,Marathahalli,12.9569,77.7011,78
2025-08-28 17:01:00,Marathahalli,12.9569,77.7011,75
2025-08-28 17:41:00,Marathahalli,12.9569,77.7011,174
2025-08-28 17:00:00,Indiranagar,12.9784,77.6408,121
2025-08-28 17:04:00,Indiranagar,12.9784,77.6408,54
2025-08-28 17:49:00,Indiranagar,12.9784,77.6408,109
2025-08-28 17:08:00,Indiranagar,12.9784,77.6408,79
2025-08-28 17:47:00,Indiranagar,12.9784,77.6408,97
2025-08-28 17:35:00,Indiranagar,12.9784,77.6408,140
2025-08-28 17:24:00,Indiranagar,12.9784,77.6408,76
2025-08-28 17:55:00,Indiranagar,12.9784,77.6408,136
2025-08-28 17:36:00,Electronic City,12.8452,77.6602,57
2025-08-28 17:36:00,Electronic City,12.8452,77.6602,110
2025-08-28 17:19:00,Electronic City,12.8452,77.6602,82
2025-08-28 17:08:00,Electronic City,12.8452,77.6602,87
2025-08-28 17:54:00,Electronic City,12.8452,77.6602,107
2025-08-28 17:23:00,Electronic City,12.8452,77.6602,82
2025-08-28 17:04:00,Electronic City,12.8452,77.6602,63
2025-08-28 17:13:00,Electronic City,12.8452,77.6602,105
2025-08-28 17:48:00,Electronic City,12.8452,77.6602,70
2025-08-28 17:16:00,Electronic City,12.8452,77.6602,103
2025-08-28 17:31:00,Electronic City,12.8452,77.6602,119
2025-08-28 17:42:00,Electronic City,12.8452,77.6602,106
2025-08-28 17:13:00,Electronic City,12.8452,77.6602,77
2025-08-28 18:18:00,Yeshwanthpur,13.0186,77.556,139
2025-08-28 18:08:00,Yeshwanthpur,13.0186,77.556,58
2025-08-28 18:26:00,Yeshwanthpur,13.0186,77.556,73
2025-08-28 18:38:00,Yeshwanthpur,13.0186,77.556,111
2025-08-28 18:01:00,Yeshwanthpur,13.0186,77.556,92
2025-08-28 18:06:00,Yeshwanthpur,13.0186,77.556,149
2025-08-28 18:03:00,Yeshwanthpur,13.0186,77.556,106
2025-08-28 18:27:00,Yeshwanthpur,13.0186,77.556,65
2025-08-28 18:26:00,Yeshwanthpur,13.0186,77.556,102
2025-08-28 18:41:00,Whitefield,12.9698,77.7499,179
2025-08-28 18:53:00,Whitefield,12.9698,77.7499,191
2025-08-28 18:29:00,Whitefield,12.9698,77.7499,197
2025-08-28 18:36:00,Whitefield,12.9698,77.7499,164
2025-08-28 18:16:00,Whitefield,12.9698,77.7499,176
2025-08-28 18:22:00,Whitefield,12.9698,77.7499,156
2025-08-28 18:55:00,Whitefield,12.9698,77.7499,151
2025-08-28 18:41:00,Whitefield,12.9698,77.7499,149
2025-08-28 18:12:00,Whitefield,12.9698,77.7499,140
2025-08-28 18:08:00,Whitefield,12.9698,77.7499,160
2025-08-28 18:18:00,Whitefield,12.9698,77.7499,116
2025-08-28 18:22:00,Whitefield,12.9698,77.7499,135
2025-08-28 18:10:00,Whitefield,12.9698,77.7499,158
2025-08-28 18:19:00,Whitefield,12.9698,77.7499,168
2025-08-28 18:34:00,Whitefield,12.9698,77.7499,186
2025-08-28 18:35:00,Koramangala,12.9352,77.6245,134
2025-08-28 18:21:00,Koramangala,12.9352,77.6245,79
2025-08-28 18:13:00,Koramangala,12.9352,77.6245,87
2025-08-28 18:16:00,Koramangala,12.9352,77.6245,151
2025-08-28 18:26:00,Koramangala,12.9352,77.6245,64
2025-08-28 18:55:00,Koramangala,12.9352,77.6245,178
2025-08-28 18:20:00,Koramangala,12.9352,77.6245,84
2025-08-28 18:12:00,Koramangala,12.9352,77.6245,170
2025-08-28 18:44:00,Koramangala,12.9352,77.6245,147
2025-08-28 18:54:00,Marathahalli,12.9569,77.7011,109
2025-08-28 18:46:00,Marathahalli,12.9569,77.7011,162
2025-08-28 18:34:00,Marathahalli,12.9569,77.7011,154
2025-08-28 18:55:00,Marathahalli,12.9569,77.7011,71
2025-08-28 18:36:00,Marathahalli,12.9569,77.7011,149
2025-08-28 18:59:00,Marathahalli,12.9569,77.7011,63
2025-08-28 18:09:00,Marathahalli,12.9569,77.7011,93
2025-08-28 18:02:00,Marathahalli,12.9569,77.7011,114
2025-08-28 18:54:00,Marathahalli,12.9569,77.7011,186
2025-08-28 18:16:00,Indiranagar,12.9784,77.6408,109
2025-08-28 18:19:00,Indiranagar,12.9784,77.6408,56
2025-08-28 18:55:00,Indiranagar,12.9784,77.6408,93
2025-08-28 18:22:00,Indiranagar,12.9784,77.6408,52
2025-08-28 18:34:00,Indiranagar,12.9784,77.6408,50
2025-08-28 18:16:00,Electronic City,12.8452,77.6602,110
2025-08-28 18:09:00,Electronic City,12.8452,77.6602,119
2025-08-28 18:51:00,Electronic City,12.8452,77.6602,96
2025-08-28 18:19:00,Electronic City,12.8452,77.6602,63
2025-08-28 18:13:00,Electronic City,12.8452,77.6602,109
2025-08-28 18:47:00,Electronic City,12.8452,77.6602,81
2025-08-28 18:19:00,Electronic City,12.8452,77.6602,66
2025-08-28 18:47:00,Electronic City,12.8452,77.6602,81
2025-08-28 18:38:00,Electronic City,12.8452,77.6602,68
2025-08-28 19:51:00,Yeshwanthpur,13.0186,77.556,109
2025-08-28 19:52:00,Yeshwanthpur,13.0186,77.556,117
2025-08-28 19:48:00,Yeshwanthpur,13.0186,77.556,157
2025-08-28 19:07:00,Yeshwanthpur,13.0186,77.556,59
2025-08-28 19:36:00,Yeshwanthpur,13.0186,77.556,135
2025-08-28 19:48:00,Whitefield,12.9698,77.7499,120
2025-08-28 19:48:00,Whitefield,12.9698,77.7499,186
2025-08-28 19:30:00,Whitefield,12.9698,77.7499,102
2025-08-28 19:23:00,Whitefield,12.9698,77.7499,64
2025-08-28 19:44:00,Whitefield,12.9698,77.7499,112
2025-08-28 19:05:00,Whitefield,12.9698,77.7499,182
2025-08-28 19:50:00,Whitefield,12.9698,77.7499,180
2025-08-28 19:01:00,Whitefield,12.9698,77.7499,147
2025-08-28 19:43:00,Whitefield,12.9698,77.7499,79
2025-08-28 19:38:00,Whitefield,12.9698,77.7499,193
2025-08-28 19:36:00,Whitefield,12.9698,77.7499,185
2025-08-28 19:56:00,Whitefield,12.9698,77.7499,125
2025-08-28 19:27:00,Whitefield,12.9698,77.7499,169
2025-08-28 19:29:00,Whitefield,12.9698,77.7499,135
2025-08-28 19:39:00,Koramangala,12.9352,77.6245,126
2025-08-28 19:22:00,Koramangala,12.9352,77.6245,142
2025-08-28 19:12:00,Koramangala,12.9352,77.6245,104
2025-08-28 19:46:00,Koramangala,12.9352,77.6245,196
2025-08-28 19:20:00,Koramangala,12.9352,77.6245,188
2025-08-28 19:39:00,Koramangala,12.9352,77.6245,156
2025-08-28 19:18:00,Koramangala,12.9352,77.6245,129
2025-08-28 19:07:00,Marathahalli,12.9569,77.7011,182
2025-08-28 19:22:00,Marathahalli,12.9569,77.7011,50
2025-08-28 19:39:00,Marathahalli,12.9569,77.7011,57
2025-08-28 19:39:00,Marathahalli,12.9569,77.7011,184
2025-08-28 19:02:00,Marathahalli,12.9569,77.7011,129
2025-08-28 19:34:00,Marathahalli,12.9569,77.7011,80
2025-08-28 19:02:00,Marathahalli,12.9569,77.7011,173
2025-08-28 19:32:00,Marathahalli,12.9569,77.7011,72
2025-08-28 19:03:00,Marathahalli,12.9569,77.7011,105
2025-08-28 19:33:00,Marathahalli,12.9569,77.7011,60
2025-08-28 19:01:00,Marathahalli,12.9569,77.7011,136
2025-08-28 19:25:00,Marathahalli,12.9569,77.7011,151
2025-08-28 19:09:00,Marathahalli,12.9569,77.7011,199
2025-08-28 19:25:00,Marathahalli,12.9569,77.7011,75
2025-08-28 19:01:00,Marathahalli,12.9569,77.7011,173
2025-08-28 19:05:00,Indiranagar,12.9784,77.6408,132
2025-08-28 19:59:00,Indiranagar,12.9784,77.6408,50
2025-08-28 19:39:00,Indiranagar,12.9784,77.6408,84
2025-08-28 19:32:00,Indiranagar,12.9784,77.6408,116
2025-08-28 19:35:00,Indiranagar,12.9784,77.6408,71
2025-08-28 19:34:00,Indiranagar,12.9784,77.6408,93
2025-08-28 19:36:00,Indiranagar,12.9784,77.6408,136
2025-08-28 19:12:00,Indiranagar,12.9784,77.6408,86
2025-08-28 19:28:00,Electronic City,12.8452,77.6602,80
2025-08-28 19:12:00,Electronic City,12.8452,77.6602,80
2025-08-28 20:42:00,Yeshwanthpur,13.0186,77.556,126
2025-08-28 20:22:00,Yeshwanthpur,13.0186,77.556,124
2025-08-28 20:04:00,Yeshwanthpur,13.0186,77.556,121
2025-08-28 20:41:00,Yeshwanthpur,13.0186,77.556,151
2025-08-28 20:13:00,Yeshwanthpur,13.0186,77.556,103
2025-08-28 20:29:00,Yeshwanthpur,13.0186,77.556,81
2025-08-28 20:20:00,Yeshwanthpur,13.0186,77.556,83
2025-08-28 20:53:00,Yeshwanthpur,13.0186,77.556,71
2025-08-28 20:52:00,Whitefield,12.9698,77.7499,167
2025-08-28 20:17:00,Whitefield,12.9698,77.7499,154
2025-08-28 20:19:00,Whitefield,12.9698,77.7499,160
2025-08-28 20:41:00,Whitefield,12.9698,77.7499,183
2025-08-28 20:31:00,Whitefield,12.9698,77.7499,63
2025-08-28 20:33:00,Whitefield,12.9698,77.7499,165
2025-08-28 20:00:00,Whitefield,12.9698,77.7499,193
2025-08-28 20:24:00,Whitefield,12.9698,77.7499,135
2025-08-28 20:33:00,Whitefield,12.9698,77.7499,175
2025-08-28 20:08:00,Whitefield,12.9698,77.7499,53
2025-08-28 20:19:00,Whitefield,12.9698,77.7499,156
2025-08-28 20:59:00,Whitefield,12.9698,77.7499,135
2025-08-28 20:34:00,Whitefield,12.9698,77.7499,198
2025-08-28 20:17:00,Whitefield,12.9698,77.7499,143
2025-08-28 20:11:00,Whitefield,12.9698,77.7499,78
2025-08-28 20:47:00,Whitefield,12.9698,77.7499,141
2025-08-28 20:33:00,Whitefield,12.9698,77.7499,65
2025-08-28 20:58:00,Whitefield,12.9698,77.7499,140
2025-08-28 20:32:00,Koramangala,12.9352,77.6245,61
2025-08-28 20:28:00,Koramangala,12.9352,77.6245,54
2025-08-28 20:28:00,Koramangala,12.9352,77.6245,137
2025-08-28 20:11:00,Koramangala,12.9352,77.6245,53
2025-08-28 20:04:00,Koramangala,12.9352,77.6245,171
2025-08-28 20:00:00,Koramangala,12.9352,77.6245,136
2025-08-28 20:45:00,Koramangala,12.9352,77.6245,98
2025-08-28 20:09:00,Koramangala,12.9352,77.6245,187
2025-08-28 20:50:00,Koramangala,12.9352,77.6245,151
2025-08-28 20:09:00,Koramangala,12.9352,77.6245,69
2025-08-28 20:09:00,Koramangala,12.9352,77.6245,91
2025-08-28 20:02:00,Koramangala,12.9352,77.6245,87
2025-08-28 20:38:00,Marathahalli,12.9569,77.7011,113
2025-08-28 20:04:00,Marathahalli,12.9569,77.7011,140
2025-08-28 20:37:00,Marathahalli,12.9569,77.7011,107
2025-08-28 20:49:00,Marathahalli,12.9569,77.7011,181
2025-08-28 20:35:00,Marathahalli,12.9569,77.7011,62
2025-08-28 20:33:00,Marathahalli,12.9569,77.7011,160
2025-08-28 20:42:00,Marathahalli,12.9569,77.7011,144
2025-08-28 20:15:00,Marathahalli,12.9569,77.7011,123
2025-08-28 20:45:00,Marathahalli,12.9569,77.7011,165
2025-08-28 20:57:00,Marathahalli,12.9569,77.7011,129
2025-08-28 20:43:00,Marathahalli,12.9569,77.7011,121
2025-08-28 20:40:00,Marathahalli,12.9569,77.7011,97
2025-08-28 20:47:00,Marathahalli,12.9569,77.7011,103
2025-08-28 20:24:00,Indiranagar,12.9784,77.6408,64
2025-08-28 20:25:00,Indiranagar,12.9784,77.6408,140
2025-08-28 20:33:00,Indiranagar,12.9784,77.6408,93
2025-08-28 20:51:00,Indiranagar,12.9784,77.6408,84
2025-08-28 20:17:00,Indiranagar,12.9784,77.6408,96
2025-08-28 20:05:00,Indiranagar,12.9784,77.6408,67
2025-08-28 20:07:00,Indiranagar,12.9784,77.6408,126
2025-08-28 20:26:00,Indiranagar,12.9784,77.6408,92
2025-08-28 20:29:00,Indiranagar,12.9784,77.6408,117
2025-08-28 20:10:00,Indiranagar,12.9784,77.6408,95
2025-08-28 20:19:00,Indiranagar,12.9784,77.6408,108
2025-08-28 20:17:00,Indiranagar,12.9784,77.6408,75
2025-08-28 20:06:00,Electronic City,12.8452,77.6602,119
2025-08-28 20:29:00,Electronic City,12.8452,77.6602,98
2025-08-28 20:16:00,Electronic City,12.8452,77.6602,89
2025-08-28 20:31:00,Electronic City,12.8452,77.6602,58
2025-08-28 20:14:00,Electronic City,12.8452,77.6602,114
2025-08-28 21:29:00,Yeshwanthpur,13.0186,77.556,60
2025-08-28 21:19:00,Yeshwanthpur,13.0186,77.556,124
2025-08-28 21:40:00,Yeshwanthpur,13.0186,77.556,103
2025-08-28 21:32:00,Yeshwanthpur,13.0186,77.556,89
2025-08-28 21:38:00,Yeshwanthpur,13.0186,77.556,66
2025-08-28 21:49:00,Yeshwanthpur,13.0186,77.556,71
2025-08-28 21:49:00,Yeshwanthpur,13.0186,77.556,86
2025-08-28 21:56:00,Yeshwanthpur,13.0186,77.556,122
2025-08-28 21:22:00,Yeshwanthpur,13.0186,77.556,78
2025-08-28 21:44:00,Yeshwanthpur,13.0186,77.556,65
2025-08-28 21:47:00,Yeshwanthpur,13.0186,77.556,153
2025-08-28 21:41:00,Whitefield,12.9698,77.7499,141
2025-08-28 21:46:00,Whitefield,12.9698,77.7499,184
2025-08-28 21:40:00,Whitefield,12.9698,77.7499,139
2025-08-28 21:58:00,Whitefield,12.9698,77.7499,50
2025-08-28 21:58:00,Whitefield,12.9698,77.7499,68
2025-08-28 21:30:00,Whitefield,12.9698,77.7499,115
2025-08-28 21:58:00,Whitefield,12.9698,77.7499,131
2025-08-28 21:15:00,Whitefield,12.9698,77.7499,98
2025-08-28 21:28:00,Whitefield,12.9698,77.7499,72
2025-08-28 21:27:00,Whitefield,12.9698,77.7499,157
2025-08-28 21:13:00,Whitefield,12.9698,77.7499,126
2025-08-28 21:01:00,Whitefield,12.9698,77.7499,114
2025-08-28 21:14:00,Koramangala,12.9352,77.6245,182
2025-08-28 21:01:00,Koramangala,12.9352,77.6245,76
2025-08-28 21:05:00,Koramangala,12.9352,77.6245,51
2025-08-28 21:34:00,Koramangala,12.9352,77.6245,93
2025-08-28 21:13:00,Koramangala,12.9352,77.6245,53
2025-08-28 21:21:00,Koramangala,12.9352,77.6245,54
2025-08-28 21:22:00,Koramangala,12.9352,77.6245,98
2025-08-28 21:10:00,Koramangala,12.9352,77.6245,93
2025-08-28 21:56:00,Koramangala,12.9352,77.6245,89
2025-08-28 21:24:00,Koramangala,12.9352,77.6245,170
2025-08-28 21:18:00,Koramangala,12.9352,77.6245,66
2025-08-28 21:50:00,Koramangala,12.9352,77.6245,82
2025-08-28 21:04:00,Koramangala,12.9352,77.6245,175
2025-08-28 21:41:00,Marathahalli,12.9569,77.7011,124
2025-08-28 21:52:00,Marathahalli,12.9569,77.7011,112
2025-08-28 21:53:00,Marathahalli,12.9569,77.7011,178
2025-08-28 21:11:00,Marathahalli,12.9569,77.7011,58
2025-08-28 21:29:00,Marathahalli,12.9569,77.7011,86
2025-08-28 21:08:00,Marathahalli,12.9569,77.7011,163
2025-08-28 21:55:00,Marathahalli,12.9569,77.7011,124
2025-08-28 21:09:00,Marathahalli,12.9569,77.7011,53
2025-08-28 21:29:00,Marathahalli,12.9569,77.7011,120
2025-08-28 21:44:00,Marathahalli,12.9569,77.7011,192
2025-08-28 21:54:00,Indiranagar,12.9784,77.6408,98
2025-08-28 21:19:00,Indiranagar,12.9784,77.6408,120
2025-08-28 21:13:00,Indiranagar,12.9784,77.6408,109
2025-08-28 21:19:00,Indiranagar,12.9784,77.6408,117
2025-08-28 21:17:00,Indiranagar,12.9784,77.6408,57
2025-08-28 21:42:00,Indiranagar,12.9784,77.6408,66
2025-08-28 21:13:00,Indiranagar,12.9784,77.6408,63
2025-08-28 21:02:00,Indiranagar,12.9784,77.6408,82
2025-08-28 21:29:00,Indiranagar,12.9784,77.6408,139
2025-08-28 21:11:00,Indiranagar,12.9784,77.6408,121
2025-08-28 21:45:00,Indiranagar,12.9784,77.6408,127
2025-08-28 21:24:00,Electronic City,12.8452,77.6602,75
2025-08-28 21:03:00,Electronic City,12.8452,77.6602,77
2025-08-28 21:39:00,Electronic City,12.8452,77.6602,70
2025-08-28 21:53:00,Electronic City,12.8452,77.6602,70
2025-08-28 22:23:00,Yeshwanthpur,13.0186,77.556,111
2025-08-28 22:35:00,Yeshwanthpur,13.0186,77.556,149
2025-08-28 22:54:00,Yeshwanthpur,13.0186,77.556,137
2025-08-28 22:21:00,Yeshwanthpur,13.0186,77.556,129
2025-08-28 22:31:00,Yeshwanthpur,13.0186,77.556,87
2025-08-28 22:02:00,Yeshwanthpur,13.0186,77.556,129
2025-08-28 22:47:00,Yeshwanthpur,13.0186,77.556,77
2025-08-28 22:13:00,Yeshwanthpur,13.0186,77.556,112
2025-08-28 22:18:00,Yeshwanthpur,13.0186,77.556,86
2025-08-28 22:37:00,Whitefield,12.9698,77.7499,71
2025-08-28 22:45:00,Whitefield,12.9698,77.7499,53
2025-08-28 22:23:00,Whitefield,12.9698,77.7499,119
2025-08-28 22:38:00,Whitefield,12.9698,77.7499,51
2025-08-28 22:48:00,Whitefield,12.9698,77.7499,63
2025-08-28 22:13:00,Whitefield,12.9698,77.7499,147
2025-08-28 22:07:00,Whitefield,12.9698,77.7499,72
2025-08-28 22:35:00,Whitefield,12.9698,77.7499,124
2025-08-28 22:37:00,Whitefield,12.9698,77.7499,141
2025-08-28 22:12:00,Whitefield,12.9698,77.7499,163
2025-08-28 22:14:00,Whitefield,12.9698,77.7499,74
2025-08-28 22:16:00,Koramangala,12.9352,77.6245,148
2025-08-28 22:25:00,Koramangala,12.9352,77.6245,162
2025-08-28 22:13:00,Koramangala,12.9352,77.6245,129
2025-08-28 22:31:00,Koramangala,12.9352,77.6245,180
2025-08-28 22:14:00,Koramangala,12.9352,77.6245,107
2025-08-28 22:02:00,Koramangala,12.9352,77.6245,195
2025-08-28 22:29:00,Koramangala,12.9352,77.6245,170
2025-08-28 22:24:00,Koramangala,12.9352,77.6245,173
2025-08-28 22:48:00,Koramangala,12.9352,77.6245,52
2025-08-28 22:30:00,Koramangala,12.9352,77.6245,82
2025-08-28 22:54:00,Koramangala,12.9352,77.6245,177
2025-08-28 22:42:00,Koramangala,12.9352,77.6245,125
2025-08-28 22:47:00,Koramangala,12.9352,77.6245,154
2025-08-28 22:25:00,Koramangala,12.9352,77.6245,59
2025-08-28 22:49:00,Marathahalli,12.9569,77.7011,86
2025-08-28 22:35:00,Marathahalli,12.9569,77.7011,125
2025-08-28 22:09:00,Marathahalli,12.9569,77.7011,152
2025-08-28 22:25:00,Marathahalli,12.9569,77.7011,91
2025-08-28 22:11:00,Marathahalli,12.9569,77.7011,124
2025-08-28 22:55:00,Marathahalli,12.9569,77.7011,195
2025-08-28 22:02:00,Marathahalli,12.9569,77.7011,73
2025-08-28 22:43:00,Marathahalli,12.9569,77.7011,80
2025-08-28 22:03:00,Marathahalli,12.9569,77.7011,118
2025-08-28 22:17:00,Marathahalli,12.9569,77.7011,194
2025-08-28 22:21:00,Indiranagar,12.9784,77.6408,73
2025-08-28 22:07:00,Indiranagar,12.9784,77.6408,75
2025-08-28 22:18:00,Indiranagar,12.9784,77.6408,118
2025-08-28 22:41:00,Indiranagar,12.9784,77.6408,91
2025-08-28 22:21:00,Indiranagar,12.9784,77.6408,114
2025-08-28 22:12:00,Indiranagar,12.9784,77.6408,84
2025-08-28 22:52:00,Indiranagar,12.9784,77.6408,86
2025-08-28 22:36:00,Indiranagar,12.9784,77.6408,111
2025-08-28 22:32:00,Indiranagar,12.9784,77.6408,125
2025-08-28 22:28:00,Electronic City,12.8452,77.6602,91
2025-08-28 22:48:00,Electronic City,12.8452,77.6602,112
2025-08-28 22:33:00,Electronic City,12.8452,77.6602,76
2025-08-28 22:53:00,Electronic City,12.8452,77.6602,66
2025-08-28 22:19:00,Electronic City,12.8452,77.6602,107
2025-08-28 23:38:00,Yeshwanthpur,13.0186,77.556,83
2025-08-28 23:03:00,Yeshwanthpur,13.0186,77.556,159
2025-08-28 23:11:00,Yeshwanthpur,13.0186,77.556,50
2025-08-28 23:53:00,Yeshwanthpur,13.0186,77.556,99
2025-08-28 23:13:00,Yeshwanthpur,13.0186,77.556,106
2025-08-28 23:29:00,Yeshwanthpur,13.0186,77.556,100
2025-08-28 23:21:00,Yeshwanthpur,13.0186,77.556,93
2025-08-28 23:32:00,Yeshwanthpur,13.0186,77.556,72
2025-08-28 23:39:00,Yeshwanthpur,13.0186,77.556,116
2025-08-28 23:13:00,Yeshwanthpur,13.0186,77.556,123
2025-08-28 23:22:00,Yeshwanthpur,13.0186,77.556,82
2025-08-28 23:51:00,Yeshwanthpur,13.0186,77.556,76
2025-08-28 23:42:00,Yeshwanthpur,13.0186,77.556,61
2025-08-28 23:07:00,Yeshwanthpur,13.0186,77.556,130
2025-08-28 23:52:00,Whitefield,12.9698,77.7499,151
2025-08-28 23:02:00,Whitefield,12.9698,77.7499,151
2025-08-28 23:52:00,Whitefield,12.9698,77.7499,82
2025-08-28 23:23:00,Whitefield,12.9698,77.7499,79
2025-08-28 23:50:00,Whitefield,12.9698,77.7499,154
2025-08-28 23:22:00,Whitefield,12.9698,77.7499,131
2025-08-28 23:53:00,Whitefield,12.9698,77.7499,137
2025-08-28 23:24:00,Whitefield,12.9698,77.7499,57
2025-08-28 23:14:00,Whitefield,12.9698,77.7499,141
2025-08-28 23:55:00,Whitefield,12.9698,77.7499,104
2025-08-28 23:43:00,Whitefield,12.9698,77.7499,133
2025-08-28 23:33:00,Whitefield,12.9698,77.7499,189
2025-08-28 23:56:00,Whitefield,12.9698,77.7499,149
2025-08-28 23:14:00,Whitefield,12.9698,77.7499,143
2025-08-28 23:51:00,Whitefield,12.9698,77.7499,180
2025-08-28 23:12:00,Whitefield,12.9698,77.7499,67
2025-08-28 23:57:00,Whitefield,12.9698,77.7499,191
2025-08-28 23:21:00,Whitefield,12.9698,77.7499,183
2025-08-28 23:17:00,Whitefield,12.9698,77.7499,53
2025-08-28 23:58:00,Koramangala,12.9352,77.6245,182
2025-08-28 23:15:00,Koramangala,12.9352,77.6245,165
2025-08-28 23:25:00,Koramangala,12.9352,77.6245,137
2025-08-28 23:11:00,Koramangala,12.9352,77.6245,105
2025-08-28 23:45:00,Koramangala,12.9352,77.6245,182
2025-08-28 23:20:00,Koramangala,12.9352,77.6245,123
2025-08-28 23:25:00,Koramangala,12.9352,77.6245,184
2025-08-28 23:41:00,Koramangala,12.9352,77.6245,110
2025-08-28 23:30:00,Marathahalli,12.9569,77.7011,177
2025-08-28 23:38:00,Marathahalli,12.9569,77.7011,142
2025-08-28 23:51:00,Marathahalli,12.9569,77.7011,110
2025-08-28 23:30:00,Marathahalli,12.9569,77.7011,183
2025-08-28 23:20:00,Marathahalli,12.9569,77.7011,91
2025-08-28 23:32:00,Marathahalli,12.9569,77.7011,186
2025-08-28 23:19:00,Marathahalli,12.9569,77.7011,139
2025-08-28 23:15:00,Marathahalli,12.9569,77.7011,143
2025-08-28 23:01:00,Marathahalli,12.9569,77.7011,51
2025-08-28 23:36:00,Marathahalli,12.9569,77.7011,96
2025-08-28 23:19:00,Marathahalli,12.9569,77.7011,107
2025-08-28 23:06:00,Indiranagar,12.9784,77.6408,89
2025-08-28 23:20:00,Indiranagar,12.9784,77.6408,128
2025-08-28 23:21:00,Indiranagar,12.9784,77.6408,102
2025-08-28 23:05:00,Indiranagar,12.9784,77.6408,79
2025-08-28 23:43:00,Indiranagar,12.9784,77.6408,77
2025-08-28 23:25:00,Indiranagar,12.9784,77.6408,70
2025-08-28 23:37:00,Electronic City,12.8452,77.6602,107
2025-08-28 23:06:00,Electronic City,12.8452,77.6602,95
2025-08-28 23:13:00,Electronic City,12.8452,77.6602,79
2025-08-28 23:57:00,Electronic City,12.8452,77.6602,98
2025-08-28 23:43:00,Electronic City,12.8452,77.6602,85
2025-08-28 23:18:00,Electronic City,12.8452,77.6602,87
